timestamp,open,high,low,close,volume
2023-01-01 00:00:00+00:00,20094.638330413232,20152.166596048355,20037.11006477811,20094.638330413232,1333.5457421587305
2023-01-01 01:00:00+00:00,20094.638330413232,20191.185156501528,19691.500237706612,19786.566901865855,4164.1925556966025
2023-01-01 02:00:00+00:00,19786.566901865855,20065.29979482434,19735.413784798868,20013.559845454693,5226.762367728357
2023-01-01 03:00:00+00:00,20013.559845454693,20345.877096664008,19969.285283495657,20300.96672509397,2914.6423438463494
2023-01-01 04:00:00+00:00,20300.96672509397,20478.448677336048,19546.02619036191,19718.41516404108,1118.3136956032422
2023-01-01 05:00:00+00:00,19718.41516404108,19794.993104906483,19264.79141586131,19339.89936228536,4242.826159989372
2023-01-01 06:00:00+00:00,19339.89936228536,19462.231247082076,19257.766132701076,19379.928022654978,1299.9174732122854
2023-01-01 07:00:00+00:00,19379.928022654978,19408.948179698884,19262.220637279792,19291.107791918235,3478.6502503054185
2023-01-01 08:00:00+00:00,19291.107791918235,19372.445403066973,19207.810550640035,19289.139864363453,1912.694170543856
2023-01-01 09:00:00+00:00,19289.139864363453,19354.400128351805,18982.311588434914,19046.75178943088,1669.1676318536468
2023-01-01 10:00:00+00:00,19046.75178943088,19427.91433257277,18923.05521970213,19302.556473700628,2389.9912682336408
2023-01-01 11:00:00+00:00,19302.556473700628,19587.642629251754,19247.57289684718,19532.00546404013,2719.902251746435
2023-01-01 12:00:00+00:00,19532.00546404013,19730.190175123982,19356.309428626497,19554.293651025404,2160.069929249644
2023-01-01 13:00:00+00:00,19554.293651025404,20077.040646669742,19371.12859044722,19890.72424089477,4001.2081784473503
2023-01-01 14:00:00+00:00,19890.72424089477,20071.739372092154,19852.96210839305,20033.705792044613,2385.026014405693
2023-01-01 15:00:00+00:00,20033.705792044613,20073.104610883987,19741.207350022923,19780.1074355871,4866.33047340974
2023-01-01 16:00:00+00:00,19780.1074355871,19933.34352611035,19739.79680412752,19892.803227620174,3430.9298023321753
2023-01-01 17:00:00+00:00,19892.803227620174,20023.620754562773,19482.700913300447,19611.669671311076,2103.212878534912
2023-01-01 18:00:00+00:00,19611.669671311076,19916.47061523154,19570.529866313685,19874.77888060527,1933.3896912418331
2023-01-01 19:00:00+00:00,19874.77888060527,20047.121850301293,19690.639877981157,19862.879664326923,1307.996492549253
2023-01-01 20:00:00+00:00,19862.879664326923,20017.580583010218,19656.55319972917,19810.848879578192,3447.3689260111587
2023-01-01 21:00:00+00:00,19810.848879578192,19976.82971306401,19448.15472671091,19612.47351590953,2496.652781571421
2023-01-01 22:00:00+00:00,19612.47351590953,20093.01118978196,19500.004909031763,19978.443909309008,910.4165444818866
2023-01-01 23:00:00+00:00,19978.443909309008,20177.630891112512,19736.423088534633,19935.178712217108,2280.483050163604
2023-01-02 00:00:00+00:00,19935.178712217108,19963.039638075727,19782.792115678298,19810.4787638911,1899.76027353882
2023-01-02 01:00:00+00:00,19810.4787638911,19901.832502120313,19618.18564395693,19709.07175546126,6554.0522147893325
2023-01-02 02:00:00+00:00,19709.07175546126,19947.851581915183,19631.90226423495,19870.051784649895,1272.3370612452118
2023-01-02 03:00:00+00:00,19870.051784649895,20172.855940966663,19680.53501620299,19982.268867363488,1450.0083588657055
2023-01-02 04:00:00+00:00,19982.268867363488,20233.891011873315,19858.54368155007,20109.378793350254,5192.574075708283
2023-01-02 05:00:00+00:00,20109.378793350254,20409.90770102148,19943.36141902176,20242.788930133444,5874.531427039781
2023-01-02 06:00:00+00:00,20242.788930133444,20959.73486615342,20191.512513739282,20906.776522216085,2053.9263451860134
2023-01-02 07:00:00+00:00,20906.776522216085,21111.824066830133,20578.99709146939,20782.828995016713,2173.2023338402346
2023-01-02 08:00:00+00:00,20782.828995016713,20896.880087907677,20513.65181662836,20626.846917952207,4056.669915908658
2023-01-02 09:00:00+00:00,20626.846917952207,20739.119849974282,20268.723198686155,20379.650629273845,931.1776743287547
2023-01-02 10:00:00+00:00,20379.650629273845,20772.23896995236,20181.194354523035,20571.91047601281,1175.4462688492642
2023-01-02 11:00:00+00:00,20571.91047601281,21019.02506915363,20480.847037084277,20926.39248327314,2590.5702380071325
2023-01-02 12:00:00+00:00,20926.39248327314,21022.187757928255,20798.14320220994,20893.789228121666,6470.0899049600575
2023-01-02 13:00:00+00:00,20893.789228121666,21024.642314856614,20505.991951891127,20635.225713686425,2397.3876777400083
2023-01-02 14:00:00+00:00,20635.225713686425,20679.642490097034,20340.77698827151,20384.654416606565,3135.2631717252752
2023-01-02 15:00:00+00:00,20384.654416606565,20667.72903877526,20305.36278639705,20587.647810821276,5254.786404203413
2023-01-02 16:00:00+00:00,20587.647810821276,20878.610601022745,20531.260818940875,20821.58289022467,8547.912385158917
2023-01-02 17:00:00+00:00,20821.58289022467,21035.5758785836,20781.40657764168,20995.064823708257,2234.059835803133
2023-01-02 18:00:00+00:00,20995.064823708257,21179.722747941592,20606.788239010955,20789.639384580223,2955.968536696161
2023-01-02 19:00:00+00:00,20789.639384580223,20996.827806309833,20658.581903398685,20865.293403667587,7413.275146123117
2023-01-02 20:00:00+00:00,20865.293403667587,20993.36856210887,20777.073792983636,20904.981149448024,1392.5618152864622
2023-01-02 21:00:00+00:00,20904.981149448024,21074.945301846572,20807.187137626704,20976.815248358063,4983.015631673126
2023-01-02 22:00:00+00:00,20976.815248358063,21359.807637137405,20874.37138336116,21256.000324073335,1791.560369325849
2023-01-02 23:00:00+00:00,21256.000324073335,21473.49030659339,21113.62035076157,21330.610568301385,3137.671312526754
2023-01-03 00:00:00+00:00,21330.610568301385,21753.49486890654,21131.362944944824,21552.17760458716,2640.412611861768
2023-01-03 01:00:00+00:00,21552.17760458716,21779.991000846236,21349.694538723492,21577.272171114062,1846.4020741280253
2023-01-03 02:00:00+00:00,21577.272171114062,21772.3445380056,21479.668937986677,21674.302395661525,1823.3833470004233
2023-01-03 03:00:00+00:00,21674.302395661525,21970.53394565708,21588.399286214113,21883.800519278877,3422.775950064306
2023-01-03 04:00:00+00:00,21883.800519278877,21994.51982451291,21305.53850875116,21413.880290887362,4903.819469748799
2023-01-03 05:00:00+00:00,21413.880290887362,21544.749251789686,21184.379542926825,21314.64201824851,2793.72720321557
2023-01-03 06:00:00+00:00,21314.64201824851,21424.548011408253,21058.80925110154,21167.958893085553,3087.313515785813
2023-01-03 07:00:00+00:00,21167.958893085553,21314.627037875754,20823.925739052454,20969.216843769394,3966.2924004232327
2023-01-03 08:00:00+00:00,20969.216843769394,21094.813880666185,20760.886572306837,20885.98508499283,1833.8825556423883
2023-01-03 09:00:00+00:00,20885.98508499283,21445.855090636003,20804.812958784834,21362.82973633926,4314.972602809722
2023-01-03 10:00:00+00:00,21362.82973633926,21450.664661118626,21003.62336119107,21090.337914795662,4490.2854284650775
2023-01-03 11:00:00+00:00,21090.337914795662,21496.429324774595,20997.385728485213,21402.103084890758,10957.869461157192
2023-01-03 12:00:00+00:00,21402.103084890758,21441.73459865968,20833.09173073652,20871.74114258136,2469.936954297141
2023-01-03 13:00:00+00:00,20871.74114258136,20923.80703021874,20718.462062841354,20770.27483631519,2370.7439768851787
2023-01-03 14:00:00+00:00,20770.27483631519,20980.514907361798,20614.331109802442,20824.16656047881,4378.593949714408
2023-01-03 15:00:00+00:00,20824.16656047881,21105.829214395704,20730.4188613585,21011.23933787549,4489.749032715895
2023-01-03 16:00:00+00:00,21011.23933787549,21302.031931218145,20949.658531239744,21239.78130219418,2281.1989142158077
2023-01-03 17:00:00+00:00,21239.78130219418,21627.633974068078,21110.98217038349,21497.273396884088,2436.7456097545046
2023-01-03 18:00:00+00:00,21497.273396884088,21664.949031241347,21221.499568692434,21388.325424566952,3907.1575492552743
2023-01-03 19:00:00+00:00,21388.325424566952,21459.266249308155,21173.22986072892,21243.690961701286,1970.8257170637962
2023-01-03 20:00:00+00:00,21243.690961701286,21703.754751173536,21064.37065206294,21522.08449142336,2427.78113492329
2023-01-03 21:00:00+00:00,21522.08449142336,21723.26311751029,21263.001052316304,21463.633303366412,3117.530259007202
2023-01-03 22:00:00+00:00,21463.633303366412,21600.497250655084,20925.6936686961,21059.983723951707,4904.798753997764
2023-01-03 23:00:00+00:00,21059.983723951707,21207.835948970504,20562.728416324273,20708.11030381699,2203.2761525795
2023-01-04 00:00:00+00:00,20708.11030381699,20738.617158783283,20397.439356845745,20427.5328696497,1186.5530295586643
2023-01-04 01:00:00+00:00,20427.5328696497,20779.268837642896,20233.273588905235,20583.526111241725,1143.3310635319647
2023-01-04 02:00:00+00:00,20583.526111241725,20724.147389527294,20490.234107146425,20630.64183986532,1588.099768979637
2023-01-04 03:00:00+00:00,20630.64183986532,21042.76308254036,20438.465273691207,20848.55661763429,1545.9844036482891
2023-01-04 04:00:00+00:00,20848.55661763429,20978.04278559776,20589.799108108964,20718.47738024106,2759.196024181673
2023-01-04 05:00:00+00:00,20718.47738024106,20792.556283703954,20696.897652546584,20770.92193138085,1645.1057110992992
2023-01-04 06:00:00+00:00,20770.92193138085,20998.13978691824,20742.94603371823,20969.89589560185,2097.7539843426302
2023-01-04 07:00:00+00:00,20969.89589560185,21119.280595180226,20727.232552813166,20875.947989184606,2024.2550949277763
2023-01-04 08:00:00+00:00,20875.947989184606,21150.107980079447,20749.35598746802,21022.62651798581,2391.6674262990828
2023-01-04 09:00:00+00:00,21022.62651798581,21048.66917816575,20792.26124475575,20818.05047778703,5774.761095337536
2023-01-04 10:00:00+00:00,20818.05047778703,20978.16501127329,20548.824659291204,20708.09349829257,4150.457278376982
2023-01-04 11:00:00+00:00,20708.09349829257,20887.618339618326,20414.418504075482,20592.945088366003,3005.095742834634
2023-01-04 12:00:00+00:00,20592.945088366003,20705.542315065366,20119.27258550754,20229.884686026442,2367.2562420818545
2023-01-04 13:00:00+00:00,20229.884686026442,20487.069359474383,20124.854827549643,20381.253621192285,2400.3832034353118
2023-01-04 14:00:00+00:00,20381.253621192285,20402.638814186772,20220.05015975175,20241.288493218857,3511.7621761888186
2023-01-04 15:00:00+00:00,20241.288493218857,20411.721009039527,20077.74197076242,20248.119294749024,3992.1473045028965
2023-01-04 16:00:00+00:00,20248.119294749024,20478.830094156878,20167.603770104786,20397.71969182144,1893.5170408341455
2023-01-04 17:00:00+00:00,20397.71969182144,20720.85135548471,20215.999006204365,20537.88198188521,3035.830715209047
2023-01-04 18:00:00+00:00,20537.88198188521,20837.41018361246,20448.387231029086,20747.004173336358,1079.4319566324127
2023-01-04 19:00:00+00:00,20747.004173336358,20873.26424144073,20593.39271276001,20719.485309280495,3313.8200351300147
2023-01-04 20:00:00+00:00,20719.485309280495,20790.6168789715,20520.74076879159,20591.432724214057,4363.695726459135
2023-01-04 21:00:00+00:00,20591.432724214057,20641.784847852257,20519.610518107263,20569.910012369823,2591.431452958154
2023-01-04 22:00:00+00:00,20569.910012369823,20733.937994946045,19898.87460411223,20058.827124276962,7392.812312690723
2023-01-04 23:00:00+00:00,20058.827124276962,20168.535154501893,19523.684134753446,19631.052531275585,1918.657067491648
2023-01-05 00:00:00+00:00,19631.052531275585,19745.469987329037,19136.10162640271,19248.288182047905,3323.3221448980503
2023-01-05 01:00:00+00:00,19248.288182047905,19434.77991062342,18781.595806905494,18965.346183003883,2928.037336881333
2023-01-05 02:00:00+00:00,18965.346183003883,19266.84580690242,18781.909197328343,19082.27783267864,2835.152952705988
2023-01-05 03:00:00+00:00,19082.27783267864,19248.30851673633,18663.859455617352,18827.67489576393,2815.341692554217
2023-01-05 04:00:00+00:00,18827.67489576393,18878.29279160413,18673.647659647297,18723.986791716634,3144.9476231979083
2023-01-05 05:00:00+00:00,18723.986791716634,19216.556596479426,18605.11841821589,19095.330762767928,4554.993450086848
2023-01-05 06:00:00+00:00,19095.330762767928,19265.34273332113,18827.27628645052,18996.407510962614,5936.459068160756
2023-01-05 07:00:00+00:00,18996.407510962614,19294.561533778888,18913.389877637164,19210.607807580476,2977.605930968049
2023-01-05 08:00:00+00:00,19210.607807580476,19247.29921349451,18910.1075375192,18946.294116046098,4481.253279101602
2023-01-05 09:00:00+00:00,18946.294116046098,19103.523085129505,18734.064470233116,18890.833187588538,2098.7905450407407
2023-01-05 10:00:00+00:00,18890.833187588538,18991.632254737913,18526.947585617505,18626.335326043387,4372.008206543256
2023-01-05 11:00:00+00:00,18626.335326043387,18739.574767248843,18421.949682471437,18534.63160779256,2036.5332176184086
2023-01-05 12:00:00+00:00,18534.63160779256,18957.25657488416,18352.263831723252,18772.54786965667,5142.6817726759355
2023-01-05 13:00:00+00:00,18772.54786965667,18893.9105683399,18176.86961927065,18295.145960982223,9003.065763447234
2023-01-05 14:00:00+00:00,18295.145960982223,18506.37641240505,18206.875276000712,18417.515317979098,2804.4369192757886
2023-01-05 15:00:00+00:00,18417.515317979098,18566.12488981893,18337.77006780097,18486.08275229692,995.9810732034837
2023-01-05 16:00:00+00:00,18486.08275229692,18574.05013827584,18237.610710005993,18324.81067091055,2266.435321804851
2023-01-05 17:00:00+00:00,18324.81067091055,18362.662248627188,17897.25448113541,17934.299422038635,5518.920547420639
2023-01-05 18:00:00+00:00,17934.299422038635,18102.801252597958,17788.085472292158,17956.407064657018,3930.5647369639823
2023-01-05 19:00:00+00:00,17956.407064657018,18109.744935916464,17664.87983570509,17817.027481744994,3376.0335698336535
2023-01-05 20:00:00+00:00,17817.027481744994,17945.654513412715,17753.606450201434,17882.002199539314,4936.116552143911
2023-01-05 21:00:00+00:00,17882.002199539314,17957.354282565335,17815.227771152204,17890.547942923364,3797.9879537201246
2023-01-05 22:00:00+00:00,17890.547942923364,18490.907384437545,17731.876524600557,18328.35306881634,5480.012131547048
2023-01-05 23:00:00+00:00,18328.35306881634,18350.63545613887,18243.199886868184,18265.405747041794,4720.69747751945
2023-01-06 00:00:00+00:00,18265.405747041794,18369.228450249124,17887.570371697526,17989.82665108235,6379.533320258139
2023-01-06 01:00:00+00:00,17989.82665108235,18134.30219440524,17896.763812866335,18040.974762841994,3566.707006505548
2023-01-06 02:00:00+00:00,18040.974762841994,18233.868326567917,17910.878751381013,18103.322715235765,4687.382956781469
2023-01-06 03:00:00+00:00,18103.322715235765,18524.622424860336,18058.59799842936,18478.969662765685,2556.607500367699
2023-01-06 04:00:00+00:00,18478.969662765685,18845.99577037565,18349.340121748293,18714.712498863584,2206.7355906760454
2023-01-06 05:00:00+00:00,18714.712498863584,18900.607048848364,18632.543568551413,18817.98469102235,6998.029022738595
2023-01-06 06:00:00+00:00,18817.98469102235,19364.849540449686,18694.380019317974,19238.482854728903,3321.269399767925
2023-01-06 07:00:00+00:00,19238.482854728903,19264.663642023614,18875.5863719517,18901.30831355622,4457.932100653895
2023-01-06 08:00:00+00:00,18901.30831355622,18998.75485486642,18627.07167900742,18723.6020477073,3171.214787562143
2023-01-06 09:00:00+00:00,18723.6020477073,18830.331410926876,18362.667512223732,18467.93953313761,2223.2873648321233
2023-01-06 10:00:00+00:00,18467.93953313761,18522.030976105278,18309.23995679494,18363.02410902942,2997.3727869696386
2023-01-06 11:00:00+00:00,18363.02410902942,18404.462345889384,17949.81176699378,17990.40915614896,6111.9246886292
2023-01-06 12:00:00+00:00,17990.40915614896,18214.330889605488,17941.902178553308,18165.35221850179,3934.8185073796903
2023-01-06 13:00:00+00:00,18165.35221850179,18239.78056578317,18033.42586778169,18107.61766100987,1266.8178689357821
2023-01-06 14:00:00+00:00,18107.61766100987,18141.502289194756,17682.007129103382,17715.15734970496,2676.8011817522197
2023-01-06 15:00:00+00:00,17715.15734970496,17883.909780231228,17283.72651276212,17449.952635492933,7267.349302096148
2023-01-06 16:00:00+00:00,17449.952635492933,17616.286335552944,17368.89853814062,17534.837950449484,2678.7393447231243
2023-01-06 17:00:00+00:00,17534.837950449484,17906.39962475369,17389.636754517876,17759.33939378832,1211.6770298941196
2023-01-06 18:00:00+00:00,17759.33939378832,18480.84596674579,17585.83501479085,18302.039540758065,7681.149141217317
2023-01-06 19:00:00+00:00,18302.039540758065,19155.60897431047,18270.43891863481,19122.59157267282,4193.102762194741
2023-01-06 20:00:00+00:00,19122.59157267282,19376.83248544635,18991.31449941883,19244.717017931704,2878.4106713922592
2023-01-06 21:00:00+00:00,19244.717017931704,19414.891926480333,18796.327412082184,18964.02020806431,2475.7313640045036
2023-01-06 22:00:00+00:00,18964.02020806431,19091.23293987393,18246.661029953655,18369.888259352832,5121.363365422875
2023-01-06 23:00:00+00:00,18369.888259352832,18536.24391085181,18280.587913906365,18446.570793579,2273.346604449867
2023-01-07 00:00:00+00:00,18446.570793579,18536.58428931004,18136.79486324835,18225.73072853661,5292.935110334997
2023-01-07 01:00:00+00:00,18225.73072853661,18249.84501013357,18091.27986926466,18115.24797223445,3909.2375847831754
2023-01-07 02:00:00+00:00,18115.24797223445,18220.523046788418,17848.048996793314,17952.37756516236,3368.897985991296
2023-01-07 03:00:00+00:00,17952.37756516236,18130.858073777385,17739.061282966937,17917.191980476,3205.9296915824984
2023-01-07 04:00:00+00:00,17917.191980476,18384.036593551395,17744.678667331827,18208.71637632067,2731.2536128971874
2023-01-07 05:00:00+00:00,18208.71637632067,18279.291259910882,18183.887097046067,18254.39968719064,5028.213646242448
2023-01-07 06:00:00+00:00,18254.39968719064,18388.609192298296,18079.83581156629,18213.746426869726,1933.9669442304169
2023-01-07 07:00:00+00:00,18213.746426869726,18281.4265921596,17869.029093120902,17935.67598094543,1324.8273613158717
2023-01-07 08:00:00+00:00,17935.67598094543,18099.373144754583,17333.70286774294,17493.363084928442,4053.030133429084
2023-01-07 09:00:00+00:00,17493.363084928442,17517.959325657957,17344.403958762778,17368.825095004653,4087.2153107493023
2023-01-07 10:00:00+00:00,17368.825095004653,17532.489222398635,17193.865389619765,17357.422067805986,3789.9972643009555
2023-01-07 11:00:00+00:00,17357.422067805986,17978.74440454873,17209.23686612991,17826.554090641985,3655.046830444897
2023-01-07 12:00:00+00:00,17826.554090641985,17900.85884633333,17789.87525251632,17864.10275035937,2539.518590706166
2023-01-07 13:00:00+00:00,17864.10275035937,18160.00404435068,17836.620274629735,18132.109262301343,4419.321039028207
2023-01-07 14:00:00+00:00,18132.109262301343,18286.45646670855,17846.2984844371,17999.517014709054,2913.8221053444277
2023-01-07 15:00:00+00:00,17999.517014709054,18042.74859736367,17642.593445476967,17685.069782783252,2336.5791092756463
2023-01-07 16:00:00+00:00,17685.069782783252,17787.892253024576,17332.146668403522,17433.506528912305,2550.524603540687
2023-01-07 17:00:00+00:00,17433.506528912305,17594.621831069035,17088.076727581025,17247.472760770503,8187.139507762487
2023-01-07 18:00:00+00:00,17247.472760770503,17918.45402288411,17142.1418750754,17809.689660019798,1252.0180380911238
2023-01-07 19:00:00+00:00,17809.689660019798,17891.170766076524,17513.749784649346,17594.245210868536,3827.2203141871714
2023-01-07 20:00:00+00:00,17594.245210868536,17908.793879143803,17506.183471330798,17819.60418537571,1287.4834604309337
2023-01-07 21:00:00+00:00,17819.60418537571,17847.54629655428,17554.950977102373,17582.521329433195,2823.9258207787407
2023-01-07 22:00:00+00:00,17582.521329433195,18005.922740580525,17411.64083292426,17832.611673317017,2399.9093803193464
2023-01-07 23:00:00+00:00,17832.611673317017,18006.663132988615,17764.921082618526,17938.570335112734,1050.9878933727778
2023-01-08 00:00:00+00:00,17938.570335112734,17987.08109827633,17850.752406328647,17899.156584011387,3621.0481069385005
2023-01-08 01:00:00+00:00,17899.156584011387,17963.135789610074,17826.949450244105,17890.899140223362,2465.08352159778
2023-01-08 02:00:00+00:00,17890.899140223362,18064.071571433633,17547.190154844335,17718.6957678346,1043.5637620958973
2023-01-08 03:00:00+00:00,17718.6957678346,17873.305577039624,17685.941438994632,17840.326404907806,4535.923795747307
2023-01-08 04:00:00+00:00,17840.326404907806,17997.423455323304,17565.59121981829,17721.64317809574,6108.906632863273
2023-01-08 05:00:00+00:00,17721.64317809574,17852.26223357522,17273.174523000394,17401.43344218554,6279.603817885702
2023-01-08 06:00:00+00:00,17401.43344218554,17548.826587144584,16928.985524209274,17073.60187924239,3566.9929907336204
2023-01-08 07:00:00+00:00,17073.60187924239,17287.917949646126,16906.569502650585,17120.42747460886,3050.403235698887
2023-01-08 08:00:00+00:00,17120.42747460886,17683.844923762877,16973.544617814623,17533.41885209005,5791.1044892418895
2023-01-08 09:00:00+00:00,17533.41885209005,17745.00863305561,17367.018972114343,17578.18391290416,6913.226865740907
2023-01-08 10:00:00+00:00,17578.18391290416,17615.84371841718,17511.963786630375,17549.56227264584,5254.206912858698
2023-01-08 11:00:00+00:00,17549.56227264584,17771.487857683922,17406.321041550877,17627.60959675226,1861.673696426185
2023-01-08 12:00:00+00:00,17627.60959675226,18085.311788723277,17523.41136424023,17979.03624474271,3296.6841082513606
2023-01-08 13:00:00+00:00,17979.03624474271,18147.291794939578,17873.11346547278,18041.003935476354,3713.6038496146057
2023-01-08 14:00:00+00:00,18041.003935476354,18205.001968676577,17769.817857796534,17932.83258156713,1206.153338482018
2023-01-08 15:00:00+00:00,17932.83258156713,18413.362649397823,17758.05499234829,18235.6338876827,3769.434728501078
2023-01-08 16:00:00+00:00,18235.6338876827,18490.84315107582,18101.719691313803,18356.044712408217,9288.161516120297
2023-01-08 17:00:00+00:00,18356.044712408217,18887.068400277392,18257.905119661464,18786.626724268688,4105.028985564256
2023-01-08 18:00:00+00:00,18786.626724268688,18937.392824405582,18690.671497319156,18841.159066173117,6227.352370047632
2023-01-08 19:00:00+00:00,18841.159066173117,18925.51231288388,18418.20592947927,18501.0364222451,3266.4445051958646
2023-01-08 20:00:00+00:00,18501.0364222451,18579.747070014695,18050.81612452089,18127.93947188344,2873.80104380166
2023-01-08 21:00:00+00:00,18127.93947188344,18669.322063555133,18045.936621451605,18585.250538355107,3607.0144790210343
2023-01-08 22:00:00+00:00,18585.250538355107,19109.381972427294,18551.65251054281,19074.89876876925,1982.4459230913783
2023-01-08 23:00:00+00:00,19074.89876876925,19107.267436924554,18994.17048997093,19026.456956014394,1841.0887846414587
2023-01-09 00:00:00+00:00,19026.456956014394,19179.02685311198,18768.52978875151,18920.24801455227,5614.749640660791
2023-01-09 01:00:00+00:00,18920.24801455227,19439.487996141157,18825.369478638142,19342.492051617774,5920.4703245287055
2023-01-09 02:00:00+00:00,19342.492051617774,19523.850359569537,18848.40430368866,19026.802657243166,1816.100396784971
2023-01-09 03:00:00+00:00,19026.802657243166,19150.666934718633,18653.736499586794,18775.967845175477,4836.755396453672
2023-01-09 04:00:00+00:00,18775.967845175477,18985.838626556284,18751.247709336545,18960.875044886376,2854.123335878142
2023-01-09 05:00:00+00:00,18960.875044886376,19006.716943453623,18806.225029586796,18851.80322411441,3533.005793722235
2023-01-09 06:00:00+00:00,18851.80322411441,18906.959104858546,18798.030752752715,18853.182698713663,3752.243923915604
2023-01-09 07:00:00+00:00,18853.182698713663,19037.59744721419,18625.848513788533,18809.839293385747,4900.905358450754
2023-01-09 08:00:00+00:00,18809.839293385747,18964.28852063484,18754.005331972094,18908.16270210731,3106.8328216081095
2023-01-09 09:00:00+00:00,18908.16270210731,19423.465392941274,18801.486609229094,19314.496843661716,6033.4906187432725
2023-01-09 10:00:00+00:00,19314.496843661716,19525.98549624433,19132.446269296594,19343.66004146409,3479.717599406788
2023-01-09 11:00:00+00:00,19343.66004146409,19725.67089057344,19154.194025760542,19534.33724229931,4072.8249811926453
2023-01-09 12:00:00+00:00,19534.33724229931,19595.42587964128,18886.343141541984,18945.590624604258,1965.238132986727
2023-01-09 13:00:00+00:00,18945.590624604258,18972.91128016726,18907.285881290172,18934.59067427808,8772.08242047321
2023-01-09 14:00:00+00:00,18934.59067427808,18979.700755385653,18654.86053605259,18699.410319604398,3770.3098357059657
2023-01-09 15:00:00+00:00,18699.410319604398,18728.767576797585,18334.57467403304,18363.40441663923,4257.760993327155
2023-01-09 16:00:00+00:00,18363.40441663923,18414.016129211886,18075.864311865542,18125.821217065004,1333.9598044090844
2023-01-09 17:00:00+00:00,18125.821217065004,18236.69917526549,17927.569848354513,18037.91004269867,1975.6425939881435
2023-01-09 18:00:00+00:00,18037.91004269867,18458.667841960574,17871.744108900624,18290.178005805894,5535.525843426896
2023-01-09 19:00:00+00:00,18290.178005805894,18396.90064490935,17827.92849228633,17932.564467136774,3440.752784554204
2023-01-09 20:00:00+00:00,17932.564467136774,18062.53267523272,17813.601519938293,17943.49720130334,1144.9429994226434
2023-01-09 21:00:00+00:00,17943.49720130334,17994.04053868326,17766.141002481392,17816.32612370043,5009.7683951226645
2023-01-09 22:00:00+00:00,17816.32612370043,17962.513579701095,17586.13904536604,17731.6315610878,2271.3021896393434
2023-01-09 23:00:00+00:00,17731.6315610878,18121.15757160648,17615.310281753384,18003.05572258232,6036.975937422789
2023-01-10 00:00:00+00:00,18003.05572258232,18311.00367577335,17845.03873546871,18151.68216001689,2852.8739272453377
2023-01-10 01:00:00+00:00,18151.68216001689,18698.972623640097,17978.522591374047,18522.27772599687,3302.23021861185
2023-01-10 02:00:00+00:00,18522.27772599687,18598.79523682975,18405.82076024957,18482.172592485393,5374.803473705179
2023-01-10 03:00:00+00:00,18482.172592485393,18515.721645215926,18259.776288436882,18292.9819200781,1903.1268339937396
2023-01-10 04:00:00+00:00,18292.9819200781,18348.47113107972,18179.082716150922,18234.394209498383,1814.5206299478375
2023-01-10 05:00:00+00:00,18234.394209498383,18394.01727744159,18144.30583390035,18303.587049491,2702.0088390151845
2023-01-10 06:00:00+00:00,18303.587049491,18529.460972459863,18129.49718773663,18354.883220366177,4507.8986822650395
2023-01-10 07:00:00+00:00,18354.883220366177,18435.732597083577,17981.893150187687,18061.450015728726,1532.3555010783327
2023-01-10 08:00:00+00:00,18061.450015728726,18232.264644676306,17918.097028864282,18088.695412219076,1294.6332120219643
2023-01-10 09:00:00+00:00,18088.695412219076,18259.9067333624,17982.61805244813,18153.449636029447,4500.125046673055
2023-01-10 10:00:00+00:00,18153.449636029447,18904.774366465714,18105.42869813003,18854.89790224447,2205.0618639852105
2023-01-10 11:00:00+00:00,18854.89790224447,19471.550639246656,18781.61632274252,19396.165365793804,2450.107042840995
2023-01-10 12:00:00+00:00,19396.165365793804,19529.586291517073,19020.63115370611,19152.375112842547,1178.0252504866764
2023-01-10 13:00:00+00:00,19152.375112842547,19287.50815345398,18938.28045792956,19072.852411765547,2122.840528609089
2023-01-10 14:00:00+00:00,19072.852411765547,19166.554240546502,18569.85206306954,18661.533147051316,2969.700401178442
2023-01-10 15:00:00+00:00,18661.533147051316,18718.596577635428,18443.1172845149,18499.685816645004,4746.624101188692
2023-01-10 16:00:00+00:00,18499.685816645004,18729.634855430868,18360.990693339343,18590.26067780711,2027.1475110301444
2023-01-10 17:00:00+00:00,18590.26067780711,18980.12380881719,18543.41587234399,18932.41681867926,6827.323898982283
2023-01-10 18:00:00+00:00,18932.41681867926,19110.95002474827,18552.686426593085,18729.30427585314,2116.929540585737
2023-01-10 19:00:00+00:00,18729.30427585314,18779.70730988566,18499.29113713781,18549.209512351175,2118.479936079794
2023-01-10 20:00:00+00:00,18549.209512351175,18585.673757376542,17928.651807646664,17963.965573544057,6429.671812927443
2023-01-10 21:00:00+00:00,17963.965573544057,18062.387074855007,17824.67898441085,17922.875359452013,3313.399816694503
2023-01-10 22:00:00+00:00,17922.875359452013,18024.604639021225,17542.026532550793,17642.162500986342,2261.961498414319
2023-01-10 23:00:00+00:00,17642.162500986342,17740.495261346638,17407.666540381702,17505.236109150566,2758.4754541409848
2023-01-11 00:00:00+00:00,17505.236109150566,17591.537052778312,17193.90448774257,17279.090532000577,5863.704140543261
2023-01-11 01:00:00+00:00,17279.090532000577,17451.075091894643,17085.49730431862,17257.26462365631,6204.94236930813
2023-01-11 02:00:00+00:00,17257.26462365631,17350.048747207853,16720.344901319262,16810.72821045227,1981.4881065463724
2023-01-11 03:00:00+00:00,16810.72821045227,16899.850609274115,16360.108541677722,16447.304241339887,2918.377514049363
2023-01-11 04:00:00+00:00,16447.304241339887,17065.08776718379,16368.424704329302,16983.63603941807,3118.409620529842
2023-01-11 05:00:00+00:00,16983.63603941807,17010.83417412067,16634.62290399347,16661.304847277323,1820.5245352736033
2023-01-11 06:00:00+00:00,16661.304847277323,16766.881032859787,16288.028676436525,16391.897734298935,2899.10536535468
2023-01-11 07:00:00+00:00,16391.897734298935,16903.791367157384,16341.87441688365,16852.362843785846,2988.902165479545
2023-01-11 08:00:00+00:00,16852.362843785846,17724.232328170194,16738.803519956575,17605.597348079227,5271.681914440139
2023-01-11 09:00:00+00:00,17605.597348079227,17631.257526593174,17276.286157670238,17301.503118492557,5451.862182483119
2023-01-11 10:00:00+00:00,17301.503118492557,17471.619869546048,17039.573757250153,17208.77879791336,2528.534843729786
2023-01-11 11:00:00+00:00,17208.77879791336,17390.088985643335,17118.930977177006,17299.766115960323,2678.5300335154484
2023-01-11 12:00:00+00:00,17299.766115960323,17917.95625051528,17142.843426118612,17756.8871083328,4155.325946516573
2023-01-11 13:00:00+00:00,17756.8871083328,17850.644370036967,17406.201509339804,17498.59497552372,2224.7632301815765
2023-01-11 14:00:00+00:00,17498.59497552372,17525.594911528195,17410.04352751732,17436.948344164844,4001.081889350886
2023-01-11 15:00:00+00:00,17436.948344164844,17792.309714692048,17290.479339640686,17644.1006469996,2852.7729247928323
2023-01-11 16:00:00+00:00,17644.1006469996,17883.587407988136,17523.52697567665,17762.206641216522,1835.9194747146
2023-01-11 17:00:00+00:00,17762.206641216522,17904.94041985786,17522.965975138803,17664.917960089937,1847.4870504335063
2023-01-11 18:00:00+00:00,17664.917960089937,17750.65514765683,17546.5604813041,17632.13857317348,6145.831634634365
2023-01-11 19:00:00+00:00,17632.13857317348,17751.00441342594,17158.361369518305,17274.818360318728,2756.6990882310024
2023-01-11 20:00:00+00:00,17274.818360318728,17425.21398331785,17065.91276798624,17215.794525880276,6769.463031956142
2023-01-11 21:00:00+00:00,17215.794525880276,17330.78895737795,17035.159926968678,17149.712960771885,2305.797470178371
2023-01-11 22:00:00+00:00,17149.712960771885,17283.19334503498,17078.900720437938,17212.12340805024,3448.182641197996
2023-01-11 23:00:00+00:00,17212.12340805024,17331.967401715738,16953.03641034623,17071.904089660122,9860.955617482217
2023-01-12 00:00:00+00:00,17071.904089660122,17316.834662195626,16951.60371313816,17195.662200913626,1756.900801669
2023-01-12 01:00:00+00:00,17195.662200913626,17629.911129686086,17029.80517841592,17461.490121752293,1154.119217798976
2023-01-12 02:00:00+00:00,17461.490121752293,17580.81339795308,17385.738495082816,17504.873564758538,5671.9886414437115
2023-01-12 03:00:00+00:00,17504.873564758538,17685.052779387133,17420.39966783861,17600.119251934553,1971.589693433209
2023-01-12 04:00:00+00:00,17600.119251934553,17763.180148980286,17453.87798400548,17616.80027663791,2950.2547984115363
2023-01-12 05:00:00+00:00,17616.80027663791,17717.286118569315,17518.994253184817,17619.465299281386,2223.9516049604604
2023-01-12 06:00:00+00:00,17619.465299281386,17753.8869810715,17299.411690142457,17432.40626906603,3408.6833811244937
2023-01-12 07:00:00+00:00,17432.40626906603,17607.986034167992,17342.849283446154,17517.98937516717,1853.3162787245349
2023-01-12 08:00:00+00:00,17517.98937516717,17569.482738984414,17443.64211056368,17495.068098289743,2724.4720795629496
2023-01-12 09:00:00+00:00,17495.068098289743,18194.94542357802,17360.236502402404,18055.792418110024,3732.776714907669
2023-01-12 10:00:00+00:00,18055.792418110024,18530.071322787,18016.423631107664,18489.756322396774,1800.5465863326565
2023-01-12 11:00:00+00:00,18489.756322396774,18651.712044317173,18438.220694139654,18599.86950277082,2100.557333021719
2023-01-12 12:00:00+00:00,18599.86950277082,18723.399138201356,18268.80808462916,18390.950198199705,2505.6628347319515
2023-01-12 13:00:00+00:00,18390.950198199705,18533.028163517465,17949.58707660457,18089.334934860857,1459.125091799442
2023-01-12 14:00:00+00:00,18089.334934860857,18584.93198874286,17925.586820296565,18418.206862679395,2413.2254884351023
2023-01-12 15:00:00+00:00,18418.206862679395,18557.578438178847,18354.603665340303,18493.7144919687,3163.386057098681
2023-01-12 16:00:00+00:00,18493.7144919687,18667.37963644535,18456.79145204369,18630.18413238212,2441.152466723504
2023-01-12 17:00:00+00:00,18630.18413238212,18809.116244269004,17977.36449644297,18151.70105593149,2602.718496971264
2023-01-12 18:00:00+00:00,18151.70105593149,18452.738956133184,18108.321979306354,18408.74559247168,2951.442062228054
2023-01-12 19:00:00+00:00,18408.74559247168,18588.949834521874,18357.587636183995,18537.43425208361,2147.647355607706
2023-01-12 20:00:00+00:00,18537.43425208361,18604.576191655015,18167.915616323953,18233.958376872102,4211.319436558069
2023-01-12 21:00:00+00:00,18233.958376872102,18339.068434478497,18003.778043092683,18108.162950170932,6111.876120516719
2023-01-12 22:00:00+00:00,18108.162950170932,18345.31526772505,17946.177644363863,18182.66352225839,2363.289548366758
2023-01-12 23:00:00+00:00,18182.66352225839,18342.483851617028,18040.02208691573,18199.70869833048,3799.402573060572
2023-01-13 00:00:00+00:00,18199.70869833048,18333.902757760934,17989.212714027562,18122.83998832924,2644.37870426516
2023-01-13 01:00:00+00:00,18122.83998832924,18169.53575292044,18050.813377664304,18097.44370555559,3578.6598742775327
2023-01-13 02:00:00+00:00,18097.44370555559,18173.799420857613,17955.796121235384,18031.875193564185,6521.696142222447
2023-01-13 03:00:00+00:00,18031.875193564185,18171.802737880364,17936.20447709799,18075.898449674787,3844.23449660636
2023-01-13 04:00:00+00:00,18075.898449674787,18525.089155067744,18033.838842148645,18482.084420384675,1228.1849776090412
2023-01-13 05:00:00+00:00,18482.084420384675,18546.048462344774,17725.160131165234,17786.7176008247,3740.5869467299262
2023-01-13 06:00:00+00:00,17786.7176008247,17853.862439056524,17659.379884926402,17726.29663407912,5521.649249085962
2023-01-13 07:00:00+00:00,17726.29663407912,17814.096755400842,17688.265116630697,17775.958688720133,2668.313529672535
2023-01-13 08:00:00+00:00,17775.958688720133,17964.028322799415,17670.153387741117,17857.736268806068,4904.0535786645105
2023-01-13 09:00:00+00:00,17857.736268806068,17988.905873435284,17630.59485755903,17761.054308656087,2111.053158975626
2023-01-13 10:00:00+00:00,17761.054308656087,17789.993898505723,17273.55224400785,17301.743439762842,1418.3229340089129
2023-01-13 11:00:00+00:00,17301.743439762842,17482.373743882396,17209.52328009624,17389.684847024815,3198.971111454742
2023-01-13 12:00:00+00:00,17389.684847024815,17992.32380588469,17249.873506652097,17848.821055958015,1238.6305332571405
2023-01-13 13:00:00+00:00,17848.821055958015,17986.82655468363,17310.574894294215,17445.461653957784,2644.175283395753
2023-01-13 14:00:00+00:00,17445.461653957784,17822.969843203693,17300.042254296513,17675.631823756034,5672.703729616932
2023-01-13 15:00:00+00:00,17675.631823756034,17764.61388318313,17502.823307000766,17591.381235003882,1147.2448303332594
2023-01-13 16:00:00+00:00,17591.381235003882,17738.88520843109,17430.4529958396,17577.84345479369,1572.2320900039215
2023-01-13 17:00:00+00:00,17577.84345479369,17633.508576422068,17250.203391226936,17305.004492530046,1779.3152484998334
2023-01-13 18:00:00+00:00,17305.004492530046,17378.50395249912,17147.845753460635,17220.98837217738,2888.0594071516516
2023-01-13 19:00:00+00:00,17220.98837217738,17608.177453504475,17176.434227827467,17562.739131525806,2482.7984423846206
2023-01-13 20:00:00+00:00,17562.739131525806,17811.837085753545,17471.28361126823,17719.564917039454,6000.320664395612
2023-01-13 21:00:00+00:00,17719.564917039454,18271.13300474116,17639.321154955316,18188.764453692653,4803.855792550529
2023-01-13 22:00:00+00:00,18188.764453692653,18574.293957149337,18131.136190100253,18515.630070824493,3818.5898072344007
2023-01-13 23:00:00+00:00,18515.630070824493,18785.54273010885,18371.837199195175,18640.777956696067,3206.1148538090824
2023-01-14 00:00:00+00:00,18640.777956696067,19210.90118249078,18569.48404681714,19137.706708497553,3628.646121817893
2023-01-14 01:00:00+00:00,19137.706708497553,19333.604407977542,19071.581358456802,19267.032207432887,1937.2192012617027
2023-01-14 02:00:00+00:00,19267.032207432887,19553.238536087363,19225.06836124421,19510.743882707135,4576.112771046191
2023-01-14 03:00:00+00:00,19510.743882707135,19607.310267096127,19330.903515462025,19427.05569392142,1709.5370345664658
2023-01-14 04:00:00+00:00,19427.05569392142,19521.856028787864,19354.6572417681,19449.374401914803,4526.4285001319395
2023-01-14 05:00:00+00:00,19449.374401914803,19533.462908046014,19166.629481535823,19249.855376022806,5394.155065487288
2023-01-14 06:00:00+00:00,19249.855376022806,19601.7022642478,19189.719302075537,19540.657730908195,3312.413315492176
2023-01-14 07:00:00+00:00,19540.657730908195,19694.41143063741,19050.116819945877,19201.199526943852,2729.5539062390108
2023-01-14 08:00:00+00:00,19201.199526943852,19612.839166283986,19021.283708917355,19430.7722449734,3641.514531423333
2023-01-14 09:00:00+00:00,19430.7722449734,19537.2798210439,19271.97131954859,19378.19067570595,712.8284689402001
2023-01-14 10:00:00+00:00,19378.19067570595,19858.4777378442,19246.67117056515,19724.60710928433,3467.291807334173
2023-01-14 11:00:00+00:00,19724.60710928433,20126.67398860526,19550.94081010587,19951.014276095437,2816.704887394161
2023-01-14 12:00:00+00:00,19951.014276095437,20711.30273584762,19751.71428263486,20506.454193805235,2906.4449407449474
2023-01-14 13:00:00+00:00,20506.454193805235,20870.814968887807,20372.71831039012,20735.584776384003,4244.020187546641
2023-01-14 14:00:00+00:00,20735.584776384003,20922.371239206896,20072.92433904627,20255.385156393804,2871.573852809201
2023-01-14 15:00:00+00:00,20255.385156393804,20441.27843146254,20052.35388422578,20238.088418932388,1685.6332221286843
2023-01-14 16:00:00+00:00,20238.088418932388,20402.48369405724,19726.838147999417,19888.39282363638,2777.4781774724465
2023-01-14 17:00:00+00:00,19888.39282363638,19990.785877593684,19635.721002484483,19737.336359984838,3083.3678674830508
2023-01-14 18:00:00+00:00,19737.336359984838,20227.830543104417,19703.18314939493,20192.889050514816,3157.282460688348
2023-01-14 19:00:00+00:00,20192.889050514816,20413.268794613694,20169.823723017842,20389.978341873866,3232.33376648574
2023-01-14 20:00:00+00:00,20389.978341873866,20497.939315412044,20073.503128710134,20180.35418305745,5012.472184934994
2023-01-14 21:00:00+00:00,20180.35418305745,20290.313518521558,19770.483154217076,19878.799368519296,1731.9145008228431
2023-01-14 22:00:00+00:00,19878.799368519296,19984.379534119533,19786.039692543294,19891.56031224325,3254.6832174623323
2023-01-14 23:00:00+00:00,19891.56031224325,20013.16748877643,19415.366971827265,19534.793049501408,5681.467547086616
2023-01-15 00:00:00+00:00,19534.793049501408,19651.40529979926,19226.5604077619,19342.021917664442,1252.246292460995
2023-01-15 01:00:00+00:00,19342.021917664442,19601.449529759197,19177.043805760455,19435.67262254131,3261.11141266608
2023-01-15 02:00:00+00:00,19435.67262254131,19817.508477477102,19397.2305349347,19778.388527308638,2224.5518287118116
2023-01-15 03:00:00+00:00,19778.388527308638,20023.234078467398,19718.527276470155,19962.814643730315,2476.6071251449835
2023-01-15 04:00:00+00:00,19962.814643730315,20125.25296103278,19134.282114161637,19291.255928102066,1896.179304813449
2023-01-15 05:00:00+00:00,19291.255928102066,19549.71943418593,19124.76213025594,19382.438680693493,2738.6616801329396
2023-01-15 06:00:00+00:00,19382.438680693493,19599.462570390573,19189.51716814562,19406.303521112357,7484.786758080144
2023-01-15 07:00:00+00:00,19406.303521112357,19703.051323926673,19234.437257756137,19530.08879244197,1584.1207799111396
2023-01-15 08:00:00+00:00,19530.08879244197,20192.640127096714,19354.14044402967,20012.347069946183,1661.0330362021816
2023-01-15 09:00:00+00:00,20012.347069946183,20088.97697817383,19331.08420793897,19405.389997732163,1554.691969937018
2023-01-15 10:00:00+00:00,19405.389997732163,19494.9449936256,19148.199198075432,19236.97697549935,7070.660258702123
2023-01-15 11:00:00+00:00,19236.97697549935,19477.400827239224,19171.325675623688,19411.15509819833,2365.70214574054
2023-01-15 12:00:00+00:00,19411.15509819833,19536.4869981849,18836.497810201483,18958.90969977352,2942.9874086742234
2023-01-15 13:00:00+00:00,18958.90969977352,19569.419317786094,18779.76225664907,19386.23398146722,2437.2083134801746
2023-01-15 14:00:00+00:00,19386.23398146722,19576.54083987381,19306.7161476963,19496.570431584925,1858.9899113775368
2023-01-15 15:00:00+00:00,19496.570431584925,19867.442657595988,19379.33724091461,19748.693447189562,2650.2908739006975
2023-01-15 16:00:00+00:00,19748.693447189562,19821.105915769822,19511.416273408817,19583.22200841487,10189.589113363096
2023-01-15 17:00:00+00:00,19583.22200841487,19876.828260433864,19533.711711155727,19826.70239611601,5979.160547909084
2023-01-15 18:00:00+00:00,19826.70239611601,20205.595792506032,19772.04672501421,20150.048762251994,1945.9996659845285
2023-01-15 19:00:00+00:00,20150.048762251994,20254.363066832382,20119.390299827843,20223.592706700987,4120.735935572027
2023-01-15 20:00:00+00:00,20223.592706700987,20491.58432024627,20030.58598387825,20297.86873363505,1966.9484559866905
2023-01-15 21:00:00+00:00,20297.86873363505,20477.695930363672,20203.972488220898,20383.404005924112,1226.372839243617
2023-01-15 22:00:00+00:00,20383.404005924112,20556.80741811318,19952.957577020534,20124.15553968619,4962.949294503332
2023-01-15 23:00:00+00:00,20124.15553968619,20267.680317765495,19939.454601296784,20082.683602964364,5324.352693709017
2023-01-16 00:00:00+00:00,20082.683602964364,20137.45491421932,19985.141594716322,20039.79593885441,5029.249893959617
2023-01-16 01:00:00+00:00,20039.79593885441,20210.39025717162,19988.110094367796,20158.398517631926,2356.817274657487
2023-01-16 02:00:00+00:00,20158.398517631926,20636.099362169294,19990.92468329531,20466.069430558553,2742.4641855139416
2023-01-16 03:00:00+00:00,20466.069430558553,20535.2939742267,20078.55209200228,20146.69638656322,4336.75987994108
2023-01-16 04:00:00+00:00,20146.69638656322,20332.440196743293,19926.546915128078,20111.970568312197,3625.501921016665
2023-01-16 05:00:00+00:00,20111.970568312197,20613.474609774068,20066.50748615045,20566.98297269004,2448.3785407851215
2023-01-16 06:00:00+00:00,20566.98297269004,20712.995749468104,20197.49325093874,20341.90813648204,1326.7187795953544
2023-01-16 07:00:00+00:00,20341.90813648204,20511.361619510597,19928.16967927084,20095.571109614782,3155.611567977687
2023-01-16 08:00:00+00:00,20095.571109614782,20222.513219756293,20032.92703516359,20159.669331437744,5112.811970520541
2023-01-16 09:00:00+00:00,20159.669331437744,20490.874146355003,20089.395420078574,20419.693824386202,1637.9583807012596
2023-01-16 10:00:00+00:00,20419.693824386202,20623.997439987703,20222.017507476612,20426.257581511585,4102.614329545085
2023-01-16 11:00:00+00:00,20426.257581511585,20911.12455765134,20357.188674349807,20840.654417957838,3518.4324671229265
2023-01-16 12:00:00+00:00,20840.654417957838,21216.205995063432,20739.168486916096,21113.391937727345,4337.589819108518
2023-01-16 13:00:00+00:00,21113.391937727345,21489.523545431508,21010.091704635877,21384.894945770677,4610.021269984279
2023-01-16 14:00:00+00:00,21384.894945770677,21637.29682979794,21314.809956921024,21566.616283291998,2106.466923192541
2023-01-16 15:00:00+00:00,21566.616283291998,22514.550843629815,21394.46896891402,22336.260139802824,1328.1208134972758
2023-01-16 16:00:00+00:00,22336.260139802824,22513.758449414545,22093.988565168078,22270.96802155426,2282.9876504388726
2023-01-16 17:00:00+00:00,22270.96802155426,22369.06856514662,21519.65107858695,21614.86156369112,4649.72640289605
2023-01-16 18:00:00+00:00,21614.86156369112,22333.214354936412,21430.786546865125,22144.62777902804,2273.3232990158594
2023-01-16 19:00:00+00:00,22144.62777902804,22209.23859280883,21932.235567526426,21996.413941586565,2106.911348295604
2023-01-16 20:00:00+00:00,21996.413941586565,22058.23180983102,21973.565123029646,22035.342554100735,1199.0979311373494
2023-01-16 21:00:00+00:00,22035.342554100735,22613.851901752547,21900.03439523905,22475.838872490942,7160.418996275926
2023-01-16 22:00:00+00:00,22475.838872490942,22699.399297926713,21727.10397731376,21945.388168760157,4504.611013063948
2023-01-16 23:00:00+00:00,21945.388168760157,21974.9661363459,21511.41221789874,21540.44440276729,4380.630709634969
2023-01-17 00:00:00+00:00,21540.44440276729,21602.308185653455,20971.97492885614,21032.379558317174,4836.094214201561
2023-01-17 01:00:00+00:00,21032.379558317174,21151.638025347904,20668.580998463553,20786.44495931463,3977.282916200654
2023-01-17 02:00:00+00:00,20786.44495931463,21100.588612253083,20614.136417509555,20927.113999136807,2638.1562774616154
2023-01-17 03:00:00+00:00,20927.113999136807,21133.47368211849,20889.416355419413,21095.472760624358,2746.596939857314
2023-01-17 04:00:00+00:00,21095.472760624358,21282.801999855554,20999.338331011902,21186.253870568147,2407.195889440148
2023-01-17 05:00:00+00:00,21186.253870568147,21349.88976259304,20584.89216044726,20745.120881453797,11129.676488300716
2023-01-17 06:00:00+00:00,20745.120881453797,20835.23538127491,19954.529860980765,20041.588293419052,3936.1407439480527
2023-01-17 07:00:00+00:00,20041.588293419052,20115.098930183503,19987.485468979852,20060.94385486839,2363.974943619956
2023-01-17 08:00:00+00:00,20060.94385486839,20116.301276078633,19867.49373969387,19922.469044866117,3762.159426487783
2023-01-17 09:00:00+00:00,19922.469044866117,20157.33923971805,19829.02391744346,20063.233863488724,1798.2433326846685
2023-01-17 10:00:00+00:00,20063.233863488724,20386.41940439953,19956.602717615413,20278.64340984845,6324.92438949743
2023-01-17 11:00:00+00:00,20278.64340984845,20501.74737667939,20101.076921059386,20323.785607917922,2141.936171683085
2023-01-17 12:00:00+00:00,20323.785607917922,20699.329125326825,20185.98481815972,20559.92723118733,3829.7037002048487
2023-01-17 13:00:00+00:00,20559.92723118733,20782.676845937687,20411.615778450167,20633.83227050884,5079.605168783586
2023-01-17 14:00:00+00:00,20633.83227050884,21006.49682163745,20430.653306444525,20801.66522583935,3613.327139279421
2023-01-17 15:00:00+00:00,20801.66522583935,20899.570155400583,20489.14516283855,20586.03521011649,3125.141983660769
2023-01-17 16:00:00+00:00,20586.03521011649,20681.352456853587,20438.652328745044,20533.727380311044,2997.1018251384476
2023-01-17 17:00:00+00:00,20533.727380311044,20789.279899155787,20342.555858716263,20597.51451154196,2898.009646518577
2023-01-17 18:00:00+00:00,20597.51451154196,20922.72880876385,20531.33716328808,20855.721871175272,2234.2273789471215
2023-01-17 19:00:00+00:00,20855.721871175272,21013.56500719457,20579.0815447361,20736.01872699433,2380.958186741096
2023-01-17 20:00:00+00:00,20736.01872699433,21064.743021023354,20574.46112374253,20901.89306455898,6246.6161919372
2023-01-17 21:00:00+00:00,20901.89306455898,20941.190546013957,20782.687090111234,20821.834053261384,2823.4976128574904
2023-01-17 22:00:00+00:00,20821.834053261384,20930.400816965543,20679.880980216047,20788.272752524274,2012.4373237079883
2023-01-17 23:00:00+00:00,20788.272752524274,21110.761597064276,20729.960353551975,21051.710239544038,2302.731259608006
2023-01-18 00:00:00+00:00,21051.710239544038,21107.88414854111,20380.20229454762,20434.72986702836,5167.712123989908
2023-01-18 01:00:00+00:00,20434.72986702836,20540.46841617378,19940.461845731108,20044.17951041437,4178.899931425456
2023-01-18 02:00:00+00:00,20044.17951041437,20116.43611904123,19535.721301135633,19606.399771868826,3944.8436068736883
2023-01-18 03:00:00+00:00,19606.399771868826,19766.477086049228,18780.211461808758,18934.805515110478,2620.811811674372
2023-01-18 04:00:00+00:00,18934.805515110478,19108.408219552966,18574.08056069937,18745.95177015277,3970.6347005094954
2023-01-18 05:00:00+00:00,18745.95177015277,19116.659512707956,18591.775962617827,18960.71736863366,2160.768960430923
2023-01-18 06:00:00+00:00,18960.71736863366,19025.075311686287,18818.605214413226,18882.698339202096,2618.0707860672733
2023-01-18 07:00:00+00:00,18882.698339202096,19007.319367878503,18817.228067319094,18941.644716553412,4841.124191426639
2023-01-18 08:00:00+00:00,18941.644716553412,19319.951747768002,18879.27830667243,19256.548499813358,4615.330872852118
2023-01-18 09:00:00+00:00,19256.548499813358,19690.363808346487,19213.88864249928,19646.839323042084,1824.4704819234867
2023-01-18 10:00:00+00:00,19646.839323042084,19833.37005638847,19443.05360712051,19629.418948199927,1943.4825537713548
2023-01-18 11:00:00+00:00,19629.418948199927,20127.579599720622,19538.76184724669,20035.049124119614,3147.4600600150297
2023-01-18 12:00:00+00:00,20035.049124119614,20126.4071924392,19974.499093053702,20065.764333704985,7066.115596576633
2023-01-18 13:00:00+00:00,20065.764333704985,20238.73201394771,19647.433431874273,19818.267681207595,1143.9213479285293
2023-01-18 14:00:00+00:00,19818.267681207595,19909.28818317518,19555.07376529944,19645.299868006954,3426.060952169661
2023-01-18 15:00:00+00:00,19645.299868006954,19671.15409043688,19191.41707017053,19216.70724271878,1498.1380772273194
2023-01-18 16:00:00+00:00,19216.70724271878,19263.93180367472,18918.63779844801,18965.244395962825,2170.764097539846
2023-01-18 17:00:00+00:00,18965.244395962825,19093.321490774302,18739.08879241009,18866.499034808876,2484.3983361549754
2023-01-18 18:00:00+00:00,18866.499034808876,19251.818744998647,18714.6964013785,19098.152196071427,2415.703500647236
2023-01-18 19:00:00+00:00,19098.152196071427,19657.272102127798,19042.797930382672,19600.461937115466,2282.672147394552
2023-01-18 20:00:00+00:00,19600.461937115466,19781.89479501078,19023.417931834912,19201.154577072397,2991.719336917255
2023-01-18 21:00:00+00:00,19201.154577072397,19484.79706206394,19034.89227727444,19317.527095643993,2281.0068302373625
2023-01-18 22:00:00+00:00,19317.527095643993,19484.342186575617,18856.953583666033,19021.209848706134,1434.7864582992536
2023-01-18 23:00:00+00:00,19021.209848706134,19218.42457941325,18963.215124828443,19160.00667091989,4402.530667442061
2023-01-19 00:00:00+00:00,19160.00667091989,19187.88110650772,19097.41408696541,19125.237940172854,4343.501432809973
2023-01-19 01:00:00+00:00,19125.237940172854,19293.67031240063,18446.034452133856,18609.928591883952,4544.109941639408
2023-01-19 02:00:00+00:00,18609.928591883952,18944.52304810268,18540.100379510208,18873.705092998433,1379.7157130153585
2023-01-19 03:00:00+00:00,18873.705092998433,18997.710005390887,18583.10345068281,18706.006542102128,3461.5061482317437
2023-01-19 04:00:00+00:00,18706.006542102128,18852.65605812881,18414.079830849252,18559.5814175409,4179.677744390609
2023-01-19 05:00:00+00:00,18559.5814175409,18599.57062154837,18227.5270022408,18266.88555222613,1780.0539748577785
2023-01-19 06:00:00+00:00,18266.88555222613,18413.52380148945,17945.972193805406,18091.200120324793,2994.66192413929
2023-01-19 07:00:00+00:00,18091.200120324793,18382.44730426847,17920.299732630923,18210.420687194375,2812.6058387067837
2023-01-19 08:00:00+00:00,18210.420687194375,18348.007238779934,18024.307601988356,18161.524726268206,7488.137114972124
2023-01-19 09:00:00+00:00,18161.524726268206,18344.75954741317,18071.243700835043,18254.018733830337,7802.878776573111
2023-01-19 10:00:00+00:00,18254.018733830337,18519.327327078212,18091.738622581688,18356.13935298148,1297.016366970205
2023-01-19 11:00:00+00:00,18356.13935298148,18833.829231421274,18250.644441784854,18726.207494697974,10373.020200733537
2023-01-19 12:00:00+00:00,18726.207494697974,18870.45431656551,18489.434513127548,18632.963079009518,1886.3275818154225
2023-01-19 13:00:00+00:00,18632.963079009518,18789.192154710752,18074.63278976127,18227.46191929672,4867.5044290247515
2023-01-19 14:00:00+00:00,18227.46191929672,18667.83581962296,18086.305250620808,18524.379766949944,4842.803126504358
2023-01-19 15:00:00+00:00,18524.379766949944,18590.895144092054,18369.068885913843,18435.264276609778,1811.9427416615104
2023-01-19 16:00:00+00:00,18435.264276609778,18787.518294475696,18397.2766612239,18748.88443492577,3814.7632988051364
2023-01-19 17:00:00+00:00,18748.88443492577,18919.157291058356,18689.91831660025,18859.842205355973,2824.9137944244744
2023-01-19 18:00:00+00:00,18859.842205355973,18964.05932520563,18721.57587814719,18825.60380087289,3933.028435238081
2023-01-19 19:00:00+00:00,18825.60380087289,19032.187934964048,18721.16890873269,18927.189496956966,3345.381949315416
2023-01-19 20:00:00+00:00,18927.189496956966,19613.911047175647,18809.01192738074,19492.205630349494,5421.727348716463
2023-01-19 21:00:00+00:00,19492.205630349494,20203.68375924447,19403.400768357435,20112.05491564252,3095.4846730217905
2023-01-19 22:00:00+00:00,20112.05491564252,20298.75668570758,19949.508836639558,20136.01694504544,2740.958526199076
2023-01-19 23:00:00+00:00,20136.01694504544,20373.583027490702,19950.395413586586,20187.487025082268,5156.596854275817
2023-01-20 00:00:00+00:00,20187.487025082268,20585.190537677987,20122.47270871427,20519.108226779776,3984.6230017858243
2023-01-20 01:00:00+00:00,20519.108226779776,20675.642531546604,20108.92384107851,20263.5082479972,4298.006962585073
2023-01-20 02:00:00+00:00,20263.5082479972,20512.702917530485,20119.601945715596,20368.05415668966,2138.1722704868703
2023-01-20 03:00:00+00:00,20368.05415668966,20484.31123140989,20246.97888755075,20363.20830303727,1767.5834483491838
2023-01-20 04:00:00+00:00,20363.20830303727,20517.568589956052,20308.293370920037,20462.38619765918,2244.2775140830854
2023-01-20 05:00:00+00:00,20462.38619765918,20629.299730184444,20046.354317401598,20211.21905687223,2185.4768182104694
2023-01-20 06:00:00+00:00,20211.21905687223,20406.169130544804,19547.58754616415,19737.972859003643,4416.485991508138
2023-01-20 07:00:00+00:00,19737.972859003643,19885.939105271078,18993.08219700346,19136.53978399132,4856.10533947428
2023-01-20 08:00:00+00:00,19136.53978399132,19313.758302849375,18646.99367860911,18821.29277690836,2758.479373452164
2023-01-20 09:00:00+00:00,18821.29277690836,19006.82682085002,18510.758772338886,18695.04834061845,6096.435343374743
2023-01-20 10:00:00+00:00,18695.04834061845,18772.97782831832,18538.20341159989,18615.802566772898,5909.016577940735
2023-01-20 11:00:00+00:00,18615.802566772898,19296.826660760784,18490.257371313455,19167.56040384012,3366.73751567687
2023-01-20 12:00:00+00:00,19167.56040384012,19593.752575520637,19066.635634051967,19491.124115101913,1976.4431398613183
2023-01-20 13:00:00+00:00,19491.124115101913,19683.689769462762,19024.907376539817,19214.7424746157,6553.066091783015
2023-01-20 14:00:00+00:00,19214.7424746157,19353.746537468574,19179.305293517373,19318.118702651154,2891.3862127142297
2023-01-20 15:00:00+00:00,19318.118702651154,19409.13358925331,19112.924223235805,19203.398620599874,3175.062506486885
2023-01-20 16:00:00+00:00,19203.398620599874,19373.921946740073,18954.70726267544,19124.530249399162,2515.426088816831
2023-01-20 17:00:00+00:00,19124.530249399162,19248.860315054815,19056.51458822485,19180.64508361649,1910.4705211445064
2023-01-20 18:00:00+00:00,19180.64508361649,19519.166001295234,19025.47106292524,19362.52058314038,1430.358347963656
2023-01-20 19:00:00+00:00,19362.52058314038,19448.58792553743,19181.48391817137,19267.12723250159,4090.547739787801
2023-01-20 20:00:00+00:00,19267.12723250159,19772.262474208306,19077.927764350425,19579.990746773758,2014.8488779891236
2023-01-20 21:00:00+00:00,19579.990746773758,19755.2662917156,19078.022436937103,19250.34708815029,13763.364772764204
2023-01-20 22:00:00+00:00,19250.34708815029,19326.538210764822,19178.89204783456,19255.06565567747,1731.8807032062853
2023-01-20 23:00:00+00:00,19255.06565567747,20181.97198853712,19102.339519303296,20023.15357996972,1589.7129789082371
2023-01-21 00:00:00+00:00,20023.15357996972,20174.29122994488,19942.426053585426,20093.280970337095,3847.0786913991883
2023-01-21 01:00:00+00:00,20093.280970337095,20665.594240370494,19963.533319100956,20533.0071603509,6403.863374467975
2023-01-21 02:00:00+00:00,20533.0071603509,20706.733753473247,20390.78884019919,20564.298697902763,3078.7988879728905
2023-01-21 03:00:00+00:00,20564.298697902763,20922.996725998597,20390.193969087235,20747.342284524333,3968.4116683746647
2023-01-21 04:00:00+00:00,20747.342284524333,20772.65523649317,20707.492792748155,20732.787987636926,1185.863275973078
2023-01-21 05:00:00+00:00,20732.787987636926,20794.601157554156,20621.297889792873,20682.962508980687,2124.399019814542
2023-01-21 06:00:00+00:00,20682.962508980687,20836.166595962583,20294.16138017756,20445.607315458597,1742.7021291705043
2023-01-21 07:00:00+00:00,20445.607315458597,20706.050022387757,20321.4675347972,20581.087644574764,1155.718000219295
2023-01-21 08:00:00+00:00,20581.087644574764,20693.469556183325,20211.951994565956,20322.924218805394,3160.514522845623
2023-01-21 09:00:00+00:00,20322.924218805394,20560.65030474173,20292.50304468989,20529.919281866936,971.2522217494701
2023-01-21 10:00:00+00:00,20529.919281866936,20956.284213267605,20445.038680607508,20869.997564148027,1539.0213662659878
2023-01-21 11:00:00+00:00,20869.997564148027,21172.604514198876,20686.635808989406,20988.204207049665,2278.797346081555
2023-01-21 12:00:00+00:00,20988.204207049665,21015.027877806944,20874.701924343542,20901.414674994932,1967.1814909432153
2023-01-21 13:00:00+00:00,20901.414674994932,21143.52797970262,20805.938556991954,21047.3850796756,3634.4179418353556
2023-01-21 14:00:00+00:00,21047.3850796756,21247.4685644673,20754.11258958079,20953.301686154406,3473.055718505436
2023-01-21 15:00:00+00:00,20953.301686154406,21283.588953545335,20922.753310039836,21252.604216307347,4660.59952821443
2023-01-21 16:00:00+00:00,21252.604216307347,21417.255616974424,20519.606209664653,20679.820049912454,4342.44080449036
2023-01-21 17:00:00+00:00,20679.820049912454,20748.44631286945,20510.771874001417,20579.06377589829,5273.272384642086
2023-01-21 18:00:00+00:00,20579.06377589829,20760.148825505014,19800.8256033451,19976.609367743982,2978.1000230257387
2023-01-21 19:00:00+00:00,19976.609367743982,20130.72115430881,19385.815167324155,19536.531927269098,3469.3878678105248
2023-01-21 20:00:00+00:00,19536.531927269098,20122.23498037817,19361.262929204233,19943.31657626097,3849.724441021266
2023-01-21 21:00:00+00:00,19943.31657626097,20275.451189592277,19884.61695161461,20215.94911928045,3199.751241374006
2023-01-21 22:00:00+00:00,20215.94911928045,20332.830354089427,19886.303662049162,20001.947618334438,2444.0281666512506
2023-01-21 23:00:00+00:00,20001.947618334438,20162.2318152801,19402.392598909042,19559.128294424787,2524.450597359267
2023-01-22 00:00:00+00:00,19559.128294424787,19621.938477875527,18651.14802233081,18711.235369191963,1980.7301153300932
2023-01-22 01:00:00+00:00,18711.235369191963,18768.804540416993,18504.98718146252,18562.09749770066,3680.5166486180306
2023-01-22 02:00:00+00:00,18562.09749770066,19275.248720746,18538.99438349336,19251.287813254683,2844.0728699990573
2023-01-22 03:00:00+00:00,19251.287813254683,19566.752380686536,19065.962641261878,19380.186349195163,2139.683339095487
2023-01-22 04:00:00+00:00,19380.186349195163,19523.40887056315,19079.034142713906,19221.08085027348,2140.677379352306
2023-01-22 05:00:00+00:00,19221.08085027348,19488.63363587847,19091.91435687628,19358.543388289334,1627.5004264471781
2023-01-22 06:00:00+00:00,19358.543388289334,19507.525818757164,18767.820849723103,18913.377303143145,4863.04795046104
2023-01-22 07:00:00+00:00,18913.377303143145,19022.7820418409,18723.10464450172,18832.038879766213,3100.4695128588583
2023-01-22 08:00:00+00:00,18832.038879766213,18962.684301395653,18732.50770520973,18862.98954624085,1936.4273656844161
2023-01-22 09:00:00+00:00,18862.98954624085,18958.16823347219,18746.39944241084,18841.46954422756,4466.113627207911
2023-01-22 10:00:00+00:00,18841.46954422756,19198.14268559326,18714.026731495313,19069.159786782548,2252.454062128211
2023-01-22 11:00:00+00:00,19069.159786782548,19224.815164657783,19015.50270316032,19170.87188203877,1475.4962996142583
2023-01-22 12:00:00+00:00,19170.87188203877,19541.086796429958,18998.477274963985,19366.92913893293,4967.197837077354
2023-01-22 13:00:00+00:00,19366.92913893293,19527.78642393774,19011.629810429247,19170.858578189833,2278.9076476097584
2023-01-22 14:00:00+00:00,19170.858578189833,19514.27162345032,19091.37480857859,19433.698102116206,2429.7665333193436
2023-01-22 15:00:00+00:00,19433.698102116206,20041.01503926082,19313.0637384741,19917.378239066456,3042.9721879518875
2023-01-22 16:00:00+00:00,19917.378239066456,19962.57566398177,19588.027971989726,19632.579117723697,5277.958274048112
2023-01-22 17:00:00+00:00,19632.579117723697,19824.018678622822,19186.865984660628,19375.801678908265,3010.9732532595294
2023-01-22 18:00:00+00:00,19375.801678908265,19951.341016992945,19198.97745035361,19770.911007200037,1636.7067733587405
2023-01-22 19:00:00+00:00,19770.911007200037,19954.722700236034,19533.8916734535,19717.204048731186,3912.5260855370107
2023-01-22 20:00:00+00:00,19717.204048731186,20220.165693441446,19638.5429053813,20139.81854333019,2339.06168324885
2023-01-22 21:00:00+00:00,20139.81854333019,20190.61544271815,19959.105261565834,20009.573655687513,7661.491723642301
2023-01-22 22:00:00+00:00,20009.573655687513,20513.603692368793,19951.426845703892,20454.16492262811,2979.2895320203183
2023-01-22 23:00:00+00:00,20454.16492262811,20534.72158249714,20417.142628044163,20497.62063253422,975.0436615290747
2023-01-23 00:00:00+00:00,20497.62063253422,20623.084979908428,20454.96517273391,20580.2575530343,3564.155741246885
2023-01-23 01:00:00+00:00,20580.2575530343,21106.760879798454,20546.470104377255,21072.165845224492,7881.700003982258
2023-01-23 02:00:00+00:00,21072.165845224492,21280.957453915147,20753.577379233866,20961.27018855463,6554.847585402909
2023-01-23 03:00:00+00:00,20961.27018855463,20996.20254673892,20636.094803163774,20670.54265835146,7446.334258037447
2023-01-23 04:00:00+00:00,20670.54265835146,20715.870651654808,20489.97776421655,20535.00854765155,1790.2667450424399
2023-01-23 05:00:00+00:00,20535.00854765155,20852.54498279972,20361.58441738004,20677.913974560994,4703.565880393398
2023-01-23 06:00:00+00:00,20677.913974560994,20806.575304113077,20075.259505700178,20200.953107493224,2077.6707845871815
2023-01-23 07:00:00+00:00,20200.953107493224,20560.669729617493,20039.956463669463,20398.101858580332,3334.722343990184
2023-01-23 08:00:00+00:00,20398.101858580332,20534.324627024045,20101.80623626039,20236.952817880032,1577.3851483224494
2023-01-23 09:00:00+00:00,20236.952817880032,20775.56059929367,20056.04304758394,20591.481493091473,2159.8026214804013
2023-01-23 10:00:00+00:00,20591.481493091473,20730.395905121735,19734.028875567485,19868.062955855432,2125.7429660160446
2023-01-23 11:00:00+00:00,19868.062955855432,19981.29354676097,19526.053514882904,19637.972792996658,4671.696869745807
2023-01-23 12:00:00+00:00,19637.972792996658,19783.583397638366,19008.29920243211,19150.293790534426,4448.666026233925
2023-01-23 13:00:00+00:00,19150.293790534426,19246.55340805413,18822.169517970247,18917.257771840228,3423.469757291628
2023-01-23 14:00:00+00:00,18917.257771840228,19068.65211621119,18839.42130717781,18990.514232391106,1517.4541236921268
2023-01-23 15:00:00+00:00,18990.514232391106,19089.433391610113,18843.701472178487,18942.36985348679,2550.8458346759176
2023-01-23 16:00:00+00:00,18942.36985348679,18990.245309473452,18825.642709446565,18873.343706890348,2052.762566850265
2023-01-23 17:00:00+00:00,18873.343706890348,19027.522798991064,18677.322206676614,18831.156666704963,4604.723384382626
2023-01-23 18:00:00+00:00,18831.156666704963,18954.745810273045,18768.1413262888,18891.5284457182,5372.735309327368
2023-01-23 19:00:00+00:00,18891.5284457182,18936.52398433839,18566.352287843107,18610.678903540633,5055.301598187021
2023-01-23 20:00:00+00:00,18610.678903540633,18872.395546749085,18550.805182416138,18811.87454500731,2043.4407133813438
2023-01-23 21:00:00+00:00,18811.87454500731,19165.66369367779,18650.49440798319,19002.646990171823,757.6590170532129
2023-01-23 22:00:00+00:00,19002.646990171823,19191.506255735196,18927.17205527818,19115.582761229194,1232.1538948397967
2023-01-23 23:00:00+00:00,19115.582761229194,19417.033384338596,18978.43899093813,19278.719200015872,6068.176876116862
2023-01-24 00:00:00+00:00,19278.719200015872,19536.17976159062,19110.846153709444,19367.533349498113,2439.071054285822
2023-01-24 01:00:00+00:00,19367.533349498113,20004.80478873714,19334.614314283866,19970.860277535256,2048.0383076003427
2023-01-24 02:00:00+00:00,19970.860277535256,20128.334897355227,19790.48645258609,19947.779072030953,6777.273400415903
2023-01-24 03:00:00+00:00,19947.779072030953,20022.962035865785,19784.23590978216,19859.084585053704,5611.537205983634
2023-01-24 04:00:00+00:00,19859.084585053704,19917.660966318865,19580.901746754793,19638.82846027289,3017.621933567941
2023-01-24 05:00:00+00:00,19638.82846027289,19780.23024578997,19200.734843603655,19339.984921853258,2574.2112473549637
2023-01-24 06:00:00+00:00,19339.984921853258,19517.683983465635,18810.72135983894,18985.16023202124,2790.425559842801
2023-01-24 07:00:00+00:00,18985.16023202124,19054.554274793623,18668.05556433715,18736.54086032506,3339.5167811233077
2023-01-24 08:00:00+00:00,18736.54086032506,18851.199201721247,18604.940486391126,18719.49451258992,6634.400846037383
2023-01-24 09:00:00+00:00,18719.49451258992,18884.319224993516,18651.94508514343,18816.42004109654,3682.0822948184764
2023-01-24 10:00:00+00:00,18816.42004109654,18946.471923428366,18703.73658742166,18833.685076873495,4285.594308524782
2023-01-24 11:00:00+00:00,18833.685076873495,18957.926344769847,18498.6061082194,18621.447294770205,5348.840324055855
2023-01-24 12:00:00+00:00,18621.447294770205,18999.9964992484,18500.53789300503,18877.42502931745,1660.9782242242793
2023-01-24 13:00:00+00:00,18877.42502931745,19217.053920465798,18752.609055681027,19090.826950966057,4347.824770417342
2023-01-24 14:00:00+00:00,19090.826950966057,19133.1268423572,19005.816316936478,19048.021363210766,2572.7113523188477
2023-01-24 15:00:00+00:00,19048.021363210766,19185.964547702428,18728.590775762015,18865.210065657768,847.2132230537342
2023-01-24 16:00:00+00:00,18865.210065657768,19158.447977012856,18731.781090657198,19023.896650957136,1028.5601894927581
2023-01-24 17:00:00+00:00,19023.896650957136,19216.771470268122,18888.003381276154,19080.474051631292,1791.7376716675694
2023-01-24 18:00:00+00:00,19080.474051631292,19112.27423701861,18642.15803447544,18673.279575307035,3887.8501154967926
2023-01-24 19:00:00+00:00,18673.279575307035,18767.048374547896,18563.359128796146,18657.046412404627,3155.492242673029
2023-01-24 20:00:00+00:00,18657.046412404627,18821.029376428436,18569.70687900629,18733.332722690804,3268.816767432604
2023-01-24 21:00:00+00:00,18733.332722690804,18766.685611079192,18452.078568552977,18484.989305488736,7906.747132430486
2023-01-24 22:00:00+00:00,18484.989305488736,18596.12975050188,18429.51009726174,18540.483985461957,1580.4346649256986
2023-01-24 23:00:00+00:00,18540.483985461957,18632.605414964768,18052.84479830555,18142.991219938784,2940.3483006015927
2023-01-25 00:00:00+00:00,18142.991219938784,18655.367153698036,18003.541344805915,18513.072773718202,3471.0685374637687
2023-01-25 01:00:00+00:00,18513.072773718202,18924.83400451918,18455.060973596534,18865.717172476292,2062.890516729952
2023-01-25 02:00:00+00:00,18865.717172476292,19025.467333803506,18638.042813193286,18797.212897501493,3023.4788138902964
2023-01-25 03:00:00+00:00,18797.212897501493,19014.56377408056,18686.080305418767,18902.80689081968,1339.4646965672846
2023-01-25 04:00:00+00:00,18902.80689081968,19051.076636146227,18091.40339237912,18234.43053044062,6032.719050918933
2023-01-25 05:00:00+00:00,18234.43053044062,18330.21606422016,17829.41336933162,17923.565930169098,2120.0452753491472
2023-01-25 06:00:00+00:00,17923.565930169098,18022.015561601103,17749.40167584389,17847.433128982248,8231.306934910774
2023-01-25 07:00:00+00:00,17847.433128982248,17964.82416535741,17449.805437126553,17565.34101984598,2932.946529151601
2023-01-25 08:00:00+00:00,17565.34101984598,17923.306879726693,17401.07459712669,17757.24581413512,4984.192995342377
2023-01-25 09:00:00+00:00,17757.24581413512,18399.338986166356,17660.889436197285,18300.03725186735,2902.5605233647334
2023-01-25 10:00:00+00:00,18300.03725186735,18405.407362886977,17879.04427463478,17982.586530481476,2935.48534709348
2023-01-25 11:00:00+00:00,17982.586530481476,18097.998279401443,17646.778883564482,17760.767000804928,2226.0529828886397
2023-01-25 12:00:00+00:00,17760.767000804928,17962.428417599855,17625.11672318612,17826.27779238544,3163.903929115827
2023-01-25 13:00:00+00:00,17826.27779238544,18295.144378625955,17796.924098234373,18265.06814900928,3494.687884361535
2023-01-25 14:00:00+00:00,18265.06814900928,18368.104813032012,17834.7288981293,17935.908712233915,2013.9852419935712
2023-01-25 15:00:00+00:00,17935.908712233915,18101.783434342397,17840.232758496466,18005.735004517046,2800.288683419719
2023-01-25 16:00:00+00:00,18005.735004517046,18679.226647864136,17838.368729258113,18507.199180419735,2197.2251921475636
2023-01-25 17:00:00+00:00,18507.199180419735,18607.907200829002,17958.74163611684,18056.999870317617,9412.85921326111
2023-01-25 18:00:00+00:00,18056.999870317617,18151.16504469612,17623.59882357628,17715.985648066402,2850.171979265975
2023-01-25 19:00:00+00:00,17715.985648066402,17887.118524401525,17436.339727397906,17606.414165133498,6455.037262031
2023-01-25 20:00:00+00:00,17606.414165133498,17695.417901779594,17383.760082353234,17472.084758572077,2703.19269919669
2023-01-25 21:00:00+00:00,17472.084758572077,17735.49471717631,17426.168820930663,17689.00871208958,3393.5906233503506
2023-01-25 22:00:00+00:00,17689.00871208958,17808.328863864816,17636.786422702553,17755.909068228833,1539.6616510795964
2023-01-25 23:00:00+00:00,17755.909068228833,17788.876248773322,17259.893602728407,17291.999447919672,2383.8299693636063
2023-01-26 00:00:00+00:00,17291.999447919672,17446.33676838247,17274.619031654263,17428.818833151967,3311.8669261474147
2023-01-26 01:00:00+00:00,17428.818833151967,17514.00237602721,17196.614167595115,17281.075613868466,6587.979077746893
2023-01-26 02:00:00+00:00,17281.075613868466,17756.83789926931,17144.1544853392,17617.253174330126,3330.878589409364
2023-01-26 03:00:00+00:00,17617.253174330126,17751.165403663574,17322.12642655976,17454.803846388968,5954.24792389133
2023-01-26 04:00:00+00:00,17454.803846388968,17477.309054428308,17269.21609290159,17291.510760341036,4106.656838119415
2023-01-26 05:00:00+00:00,17291.510760341036,17541.925924784577,17185.516459984334,17435.051740307,6725.763097180682
2023-01-26 06:00:00+00:00,17435.051740307,17680.49836807342,17393.407280098534,17638.36827653281,2894.243060354055
2023-01-26 07:00:00+00:00,17638.36827653281,17928.169045354043,17471.338457473357,17759.987530083454,9848.863583984157
2023-01-26 08:00:00+00:00,17759.987530083454,17804.499120373413,17275.76486803556,17319.17164809414,2338.5863422340367
2023-01-26 09:00:00+00:00,17319.17164809414,17578.07521668463,17204.176626891476,17462.130980829377,2031.9863332260356
2023-01-26 10:00:00+00:00,17462.130980829377,17530.86446490993,17128.197109082215,17195.882600864123,1627.7819091586937
2023-01-26 11:00:00+00:00,17195.882600864123,17376.18037337066,17079.39679908042,17259.26521447069,9561.618929315662
2023-01-26 12:00:00+00:00,17259.26521447069,17340.562003765033,16817.527409135386,16897.118368228574,4490.5199971298925
2023-01-26 13:00:00+00:00,16897.118368228574,17146.50166395671,16764.69924270853,17013.17304261849,2522.333220543251
2023-01-26 14:00:00+00:00,17013.17304261849,17065.507470549815,16759.37984359843,16811.09264958191,5566.441993297481
2023-01-26 15:00:00+00:00,16811.09264958191,16964.9498990767,16342.272584881992,16493.22062938107,4204.228538014528
2023-01-26 16:00:00+00:00,16493.22062938107,16765.002588686115,16402.476795788058,16673.268153986213,7967.003555732078
2023-01-26 17:00:00+00:00,16673.268153986213,16866.94743004886,16543.135991621355,16736.323133760994,1374.827549418048
2023-01-26 18:00:00+00:00,16736.323133760994,16881.051688432988,16441.95935074995,16585.382636647304,2610.5597628403816
2023-01-26 19:00:00+00:00,16585.382636647304,17122.259100186053,16419.70366170061,16952.908738861664,2365.487256985017
2023-01-26 20:00:00+00:00,16952.908738861664,17004.030421482028,16792.957011235758,16843.749523041115,1111.1587423050503
2023-01-26 21:00:00+00:00,16843.749523041115,16914.76461579937,16783.414677930963,16854.391650251957,5065.274458042057
2023-01-26 22:00:00+00:00,16854.391650251957,16980.125500413364,16799.549182668055,16925.05310767,2603.994059683493
2023-01-26 23:00:00+00:00,16925.05310767,16982.020162093264,16714.530792385427,16770.979258577943,4314.840343534118
2023-01-27 00:00:00+00:00,16770.979258577943,16997.89672039303,16666.294761202742,16892.453977497527,9700.046586043183
2023-01-27 01:00:00+00:00,16892.453977497527,17060.39373295566,16593.71111960707,16760.33741144264,2498.3309154914937
2023-01-27 02:00:00+00:00,16760.33741144264,16926.474302691575,16494.52806092843,16659.66705700879,2414.924997506868
2023-01-27 03:00:00+00:00,16659.66705700879,17103.871375970586,16564.024590110417,17006.23925228011,3163.1766950379156
2023-01-27 04:00:00+00:00,17006.23925228011,17121.052538170694,16632.312893750877,16745.364953363347,4883.5303832984955
2023-01-27 05:00:00+00:00,16745.364953363347,16891.71500374754,16011.410838304313,16152.580106276193,2245.4101701587115
2023-01-27 06:00:00+00:00,16152.580106276193,16705.639888689024,16000.803984376456,16550.12824501081,2174.4242621711314
2023-01-27 07:00:00+00:00,16550.12824501081,17246.591079300368,16503.212841028086,17197.839578435378,5057.333439436205
2023-01-27 08:00:00+00:00,17197.839578435378,17296.845400797563,16997.75405304952,17096.174602798103,3602.270650699291
2023-01-27 09:00:00+00:00,17096.174602798103,17241.41572672046,16468.02026047936,16609.123626520464,1072.3801201786816
2023-01-27 10:00:00+00:00,16609.123626520464,16671.05603711876,16472.77655782348,16534.430451113323,1615.345428279158
2023-01-27 11:00:00+00:00,16534.430451113323,16616.412809786412,16384.420963504155,16466.06434378007,6314.588888752132
2023-01-27 12:00:00+00:00,16466.06434378007,16628.59411240861,16259.592979433577,16421.68469474599,3644.46239156766
2023-01-27 13:00:00+00:00,16421.68469474599,16583.691515809096,15992.781630178113,16152.129172730305,2036.3250872176222
2023-01-27 14:00:00+00:00,16152.129172730305,16444.788263112925,16004.257055291646,16295.602651528736,2737.4857575301476
2023-01-27 15:00:00+00:00,16295.602651528736,16561.249803262275,16162.206276191408,16426.77960874838,3000.7524005871014
2023-01-27 16:00:00+00:00,16426.77960874838,16482.99491514942,16010.084072265216,16065.061516231503,4306.439243942669
2023-01-27 17:00:00+00:00,16065.061516231503,16299.996384873768,16002.60616911888,16236.873094364882,1511.5158532258129
2023-01-27 18:00:00+00:00,16236.873094364882,16846.334668519703,16140.660762916214,16747.09897039122,1957.6996806644536
2023-01-27 19:00:00+00:00,16747.09897039122,16894.417452783317,16645.829323691512,16792.871022649706,3416.8620424911624
2023-01-27 20:00:00+00:00,16792.871022649706,16886.063486495794,16617.88614362237,16710.622165347864,2835.809489875435
2023-01-27 21:00:00+00:00,16710.622165347864,16823.0851959375,16565.32649520433,16677.5670638862,3967.651319041891
2023-01-27 22:00:00+00:00,16677.5670638862,16913.420041056233,16599.6009854791,16834.71929057252,1612.0247899354601
2023-01-27 23:00:00+00:00,16834.71929057252,16965.063239606516,16278.75050829663,16405.773314190737,3563.7346684553922
2023-01-28 00:00:00+00:00,16405.773314190737,16514.571751393523,16340.118240531627,16448.744708391823,5145.0574258293955
2023-01-28 01:00:00+00:00,16448.744708391823,16514.14644663359,16290.1101904539,16355.13974666515,3802.481936043047
2023-01-28 02:00:00+00:00,16355.13974666515,16853.398318534186,16320.057421443184,16817.324591264784,3195.6822151308897
2023-01-28 03:00:00+00:00,16817.324591264784,16862.70462626957,16730.692930213303,16775.961350239413,2841.417137327938
2023-01-28 04:00:00+00:00,16775.961350239413,17352.433478537307,16630.770640357965,17203.5421899319,1963.6778021819446
2023-01-28 05:00:00+00:00,17203.5421899319,17289.844465485345,16838.703681113984,16923.601623324255,2875.554211237927
2023-01-28 06:00:00+00:00,16923.601623324255,17127.994783511436,16871.97092891925,17075.899457339412,5596.255131120185
2023-01-28 07:00:00+00:00,17075.899457339412,17294.916731680758,16942.125667381802,17160.4803292603,2808.724505654822
2023-01-28 08:00:00+00:00,17160.4803292603,17263.200049500814,16839.369359272125,16940.773954474178,1910.4574697608011
2023-01-28 09:00:00+00:00,16940.773954474178,17008.68360640579,16920.607587654,16988.460473357885,2330.589352627283
2023-01-28 10:00:00+00:00,16988.460473357885,17369.433600448327,16923.1015658652,17302.865098780785,3295.869011680868
2023-01-28 11:00:00+00:00,17302.865098780785,17347.731647729906,17176.958171276092,17221.614035185412,2473.13783374639
2023-01-28 12:00:00+00:00,17221.614035185412,17340.49235263259,16676.640945205094,16792.557547610435,3799.6021449338596
2023-01-28 13:00:00+00:00,16792.557547610435,16850.91637635251,16732.300458924725,16790.652667676874,3871.5951337873976
2023-01-28 14:00:00+00:00,16790.652667676874,16817.257809648938,16541.133508950963,16567.384878419445,4649.391315879081
2023-01-28 15:00:00+00:00,16567.384878419445,16592.143425281833,16460.364664369263,16485.000094182324,6074.043068012607
2023-01-28 16:00:00+00:00,16485.000094182324,16587.793065331247,16364.625079610563,16467.307729209482,4904.602662960165
2023-01-28 17:00:00+00:00,16467.307729209482,16486.99457840888,16034.55460217494,16053.747034973303,1868.4798558109874
2023-01-28 18:00:00+00:00,16053.747034973303,16192.437426834382,15536.323667829804,15671.713623762156,1897.3866608563974
2023-01-28 19:00:00+00:00,15671.713623762156,15825.68276774183,15634.123857779776,15787.814525147498,2870.134758320759
2023-01-28 20:00:00+00:00,15787.814525147498,15889.78955084802,15565.665858679122,15666.85962494458,2378.944834192601
2023-01-28 21:00:00+00:00,15666.85962494458,15745.228268775163,15002.42296759128,15077.845248270492,1687.2185717115078
2023-01-28 22:00:00+00:00,15077.845248270492,15334.763900060403,15002.67218267636,15258.689207305953,2390.2520578817166
2023-01-28 23:00:00+00:00,15258.689207305953,15348.68023290316,15233.570745567447,15323.455155127049,2351.346761983523
2023-01-29 00:00:00+00:00,15323.455155127049,15449.487053243416,15037.811087818216,15162.519325712345,2130.423638239294
2023-01-29 01:00:00+00:00,15162.519325712345,15299.550175068576,14733.820089703582,14868.190954539761,2545.558250819653
2023-01-29 02:00:00+00:00,14868.190954539761,15074.578175612569,14851.848582356059,15058.02714497892,5373.449923931038
2023-01-29 03:00:00+00:00,15058.02714497892,15178.888039020467,15018.764279101257,15139.412964697885,3293.2131899522005
2023-01-29 04:00:00+00:00,15139.412964697885,15835.973762424725,15001.112342580933,15692.61952222865,10258.937317086176
2023-01-29 05:00:00+00:00,15692.61952222865,15888.1122887186,15599.319954946324,15794.208728649335,3246.2445788737195
2023-01-29 06:00:00+00:00,15794.208728649335,15926.055556383448,15757.08671217299,15888.71142490863,2578.510312835442
2023-01-29 07:00:00+00:00,15888.71142490863,15933.598847164641,15806.57278544014,15851.354670603823,2987.124330821021
2023-01-29 08:00:00+00:00,15851.354670603823,16160.540655679742,15741.348231617118,16049.161462049256,3388.8502692040406
2023-01-29 09:00:00+00:00,16049.161462049256,16324.679998050577,15928.417980691362,16202.780784547664,3705.698239155377
2023-01-29 10:00:00+00:00,16202.780784547664,16617.946686124895,16099.1665731809,16512.352810786466,8419.92047931174
2023-01-29 11:00:00+00:00,16512.352810786466,16670.51366456856,16229.237662065534,16386.19008696143,1953.4254812882739
2023-01-29 12:00:00+00:00,16386.19008696143,16475.43865817025,16193.279994786884,16281.960874037886,4580.314894896018
2023-01-29 13:00:00+00:00,16281.960874037886,16342.24397463762,16107.933817915895,16167.794222515304,3307.259893536003
2023-01-29 14:00:00+00:00,16167.794222515304,16449.817860561383,16082.18419693048,16363.173284052253,1358.9275870211563
2023-01-29 15:00:00+00:00,16363.173284052253,16808.537482918397,16293.842573778904,16737.620242140645,4382.389449553717
2023-01-29 16:00:00+00:00,16737.620242140645,16788.163554273793,16575.106741039912,16625.310907843155,5618.453799567826
2023-01-29 17:00:00+00:00,16625.310907843155,16648.813598546527,16498.838958127963,16522.19587828545,1941.8798895774462
2023-01-29 18:00:00+00:00,16522.19587828545,16671.940262860655,16453.299768122004,16602.7084224376,2967.6719406555794
2023-01-29 19:00:00+00:00,16602.7084224376,16725.613028581232,16421.62719646403,16544.097927627918,1258.055896365366
2023-01-29 20:00:00+00:00,16544.097927627918,16804.143339858278,16524.80849835325,16784.573530404992,1588.5815182696585
2023-01-29 21:00:00+00:00,16784.573530404992,16867.700920366307,16149.16994172225,16229.548511099323,5034.224587422416
2023-01-29 22:00:00+00:00,16229.548511099323,16339.845896012335,15922.985657036217,16031.940078319807,2360.8848094094305
2023-01-29 23:00:00+00:00,16031.940078319807,16136.04567731471,15744.355654415924,15847.262021148914,1712.3098244111713
2023-01-30 00:00:00+00:00,15847.262021148914,15973.879044526657,15185.17277391456,15307.477003568141,3343.3553657764865
2023-01-30 01:00:00+00:00,15307.477003568141,15434.44758774732,14964.9014468488,15090.068699270849,2295.7016010285397
2023-01-30 02:00:00+00:00,15090.068699270849,15201.81597555222,14776.329990711032,14886.570289558025,2355.690503989075
2023-01-30 03:00:00+00:00,14886.570289558025,14915.229606010955,14815.380721046118,14843.958001205063,4314.181993761097
2023-01-30 04:00:00+00:00,14843.958001205063,15175.74969593791,14765.653124327982,15096.114641846803,1667.5876173258391
2023-01-30 05:00:00+00:00,15096.114641846803,15193.192526076906,14946.244632232603,15042.980831331914,1895.6506199549106
2023-01-30 06:00:00+00:00,15042.980831331914,15091.270219094975,14766.838559262658,14814.394162250983,3219.688826302396
2023-01-30 07:00:00+00:00,14814.394162250983,14834.88197100369,14783.490405715462,14803.963789613701,4840.168897957864
2023-01-30 08:00:00+00:00,14803.963789613701,15086.349944777243,14759.369618698474,15041.041621254331,5536.291497159009
2023-01-30 09:00:00+00:00,15041.041621254331,15117.661433543211,14749.159853758665,14824.677496460814,2137.664463456931
2023-01-30 10:00:00+00:00,14824.677496460814,14894.729625331198,14556.650884101457,14625.763068128452,4763.264271235809
2023-01-30 11:00:00+00:00,14625.763068128452,14789.233595794025,14587.882300362651,14751.028390488565,2014.102273489086
2023-01-30 12:00:00+00:00,14751.028390488565,14875.228212560212,14580.490585959029,14704.296941384813,7428.688986236992
2023-01-30 13:00:00+00:00,14704.296941384813,14988.600475366673,14567.088499577354,14850.032152073229,1691.0661843152861
2023-01-30 14:00:00+00:00,14850.032152073229,14891.792445330591,14807.461840706064,14849.219849659483,5792.037482066448
2023-01-30 15:00:00+00:00,14849.219849659483,15149.156426475423,14710.139736503905,15008.583686722885,2146.850034522059
2023-01-30 16:00:00+00:00,15008.583686722885,15026.00487971416,14762.418912119549,14779.574282758325,8156.930617642025
2023-01-30 17:00:00+00:00,14779.574282758325,14917.38882120831,14641.30190712672,14779.112136216287,4006.4480889496203
2023-01-30 18:00:00+00:00,14779.112136216287,14920.50920936119,14593.716672886174,14734.688731363933,1793.620954711735
2023-01-30 19:00:00+00:00,14734.688731363933,14751.02164414685,14454.518231912994,14470.558364962564,2295.901280526555
2023-01-30 20:00:00+00:00,14470.558364962564,14584.400760735933,14026.041028630612,14137.261318656665,4405.418777889295
2023-01-30 21:00:00+00:00,14137.261318656665,14424.598220780454,13999.680118869284,14285.57367272665,5045.854069805988
2023-01-30 22:00:00+00:00,14285.57367272665,14416.331242384247,14082.609129948882,14212.699675164142,2877.399472097385
2023-01-30 23:00:00+00:00,14212.699675164142,14351.080082773715,13862.226236421404,13998.521319722111,3048.2689176242766
2023-01-31 00:00:00+00:00,13998.521319722111,14081.853278987108,13897.213038420221,13980.437345385495,4355.4208310708
2023-01-31 01:00:00+00:00,13980.437345385495,14245.360274614308,13956.622994888685,14221.135916904948,3184.0180423180987
2023-01-31 02:00:00+00:00,14221.135916904948,14344.121761966182,13626.037991603678,13744.905345738367,1561.2586007798031
2023-01-31 03:00:00+00:00,13744.905345738367,13834.583352555816,13354.091578979986,13441.791936208549,1985.2755263191937
2023-01-31 04:00:00+00:00,13441.791936208549,13529.602198843048,13172.36792461773,13258.9839703225,3352.829756114598
2023-01-31 05:00:00+00:00,13258.9839703225,13619.288404839155,13195.9337560301,13554.831352670139,5473.870369815283
2023-01-31 06:00:00+00:00,13554.831352670139,13698.13388170141,13471.515527348378,13614.451595916753,6687.472052171746
2023-01-31 07:00:00+00:00,13614.451595916753,13806.934825760787,13582.01900410452,13774.121864558652,4401.78187881778
2023-01-31 08:00:00+00:00,13774.121864558652,13879.60312890224,13438.877173703286,13542.585347551832,3441.440389192674
2023-01-31 09:00:00+00:00,13542.585347551832,13565.27128748555,13296.74930496143,13319.060806471276,4334.696793725739
2023-01-31 10:00:00+00:00,13319.060806471276,13512.33391139828,13218.26179595996,13410.84031112655,2135.859829207432
2023-01-31 11:00:00+00:00,13410.84031112655,13540.580790993365,13294.959844334699,13424.581588492301,2761.100248044267
2023-01-31 12:00:00+00:00,13424.581588492301,13608.669173694414,13354.072758114065,13537.566919714714,1974.2317993795095
2023-01-31 13:00:00+00:00,13537.566919714714,13613.22125091823,13426.083482922073,13501.536458857296,1596.595285940795
2023-01-31 14:00:00+00:00,13501.536458857296,13611.681197822567,13450.09657089894,13560.018497481076,3521.9655436041385
2023-01-31 15:00:00+00:00,13560.018497481076,13726.46299949612,13428.145592032848,13594.257119095702,3270.6913164074113
2023-01-31 16:00:00+00:00,13594.257119095702,13860.365214761576,13490.966318509427,13755.846637579321,4204.145083626644
2023-01-31 17:00:00+00:00,13755.846637579321,13985.63395477568,13696.409041389747,13925.463461762783,3916.9004380991432
2023-01-31 18:00:00+00:00,13925.463461762783,13961.297390053052,13558.238975816084,13593.217947863603,3365.4674093664694
2023-01-31 19:00:00+00:00,13593.217947863603,13633.67430509482,13105.491038885568,13144.612248508716,3937.527758310846
2023-01-31 20:00:00+00:00,13144.612248508716,13414.686247552672,13076.584929180983,13345.618659629887,2918.0137811732466
2023-01-31 21:00:00+00:00,13345.618659629887,13716.403470501331,13219.060615089345,13587.551152165988,3664.494570113905
2023-01-31 22:00:00+00:00,13587.551152165988,13690.915962553974,13281.316477235152,13383.126161896573,2073.3642295303343
2023-01-31 23:00:00+00:00,13383.126161896573,13422.43499619544,12978.64902974622,13016.882134382498,3586.216273356504
2023-02-01 00:00:00+00:00,13016.882134382498,13152.091227962575,12903.165998599026,13038.188954726955,4163.905948411696
2023-02-01 01:00:00+00:00,13038.188954726955,13281.729549673657,12980.771316836237,13223.495856377196,2132.732469240483
2023-02-01 02:00:00+00:00,13223.495856377196,13704.679227170383,13108.907657731106,13586.941589651711,3059.2224137371813
2023-02-01 03:00:00+00:00,13586.941589651711,13738.112209824807,13543.799023181951,13694.627708013042,2182.4398892594913
2023-02-01 04:00:00+00:00,13694.627708013042,13784.57327654377,13531.066420115882,13620.525287989929,2291.006802649931
2023-02-01 05:00:00+00:00,13620.525287989929,13747.741462626824,13315.742501861925,13441.284561953058,1698.558658452686
2023-02-01 06:00:00+00:00,13441.284561953058,13490.26374283703,13396.6454365171,13445.610251586462,5613.262961968903
2023-02-01 07:00:00+00:00,13445.610251586462,13542.907249667853,13290.520785873132,13387.396529710219,5078.8624450647785
2023-02-01 08:00:00+00:00,13387.396529710219,13519.741836119309,13056.71662926185,13187.081660213875,3899.9418709173397
2023-02-01 09:00:00+00:00,13187.081660213875,13632.704356043201,13156.021011347804,13600.66954864011,7991.214070549488
2023-02-01 10:00:00+00:00,13600.66954864011,13996.965547228378,13576.247906003004,13971.877356199086,2711.8250888424777
2023-02-01 11:00:00+00:00,13971.877356199086,14314.602592298734,13873.127525956084,14214.140505054493,13573.589125196924
2023-02-01 12:00:00+00:00,14214.140505054493,14271.816136022851,13964.363852142678,14021.256833788002,2660.40938034251
2023-02-01 13:00:00+00:00,14021.256833788002,14227.684343116565,13998.2451429179,14204.37212337893,3386.6505577325233
2023-02-01 14:00:00+00:00,14204.37212337893,14419.162936963443,14129.404990436788,14343.461723804632,2443.3150983583355
2023-02-01 15:00:00+00:00,14343.461723804632,14553.568063961155,14231.813134052834,14441.159004815187,3590.9166387899977
2023-02-01 16:00:00+00:00,14441.159004815187,14769.099564610913,14389.660364528298,14716.618607393506,4526.967027748005
2023-02-01 17:00:00+00:00,14716.618607393506,14919.443892956995,14657.525174779541,14859.77562452167,2815.91294807216
2023-02-01 18:00:00+00:00,14859.77562452167,15157.30482362694,14731.81371884249,15027.895190833247,7247.123594649658
2023-02-01 19:00:00+00:00,15027.895190833247,15260.630174737398,14942.527019939957,15174.429593597823,3359.591413092613
2023-02-01 20:00:00+00:00,15174.429593597823,15385.439397309456,15044.163371661873,15254.485924776025,3412.6441933262495
2023-02-01 21:00:00+00:00,15254.485924776025,15331.025390724668,14779.473855531767,14854.003900750527,1892.2107864653717
2023-02-01 22:00:00+00:00,14854.003900750527,15017.331656157878,14711.750425945587,14874.878272164291,3674.7836430528428
2023-02-01 23:00:00+00:00,14874.878272164291,14976.877563156564,14652.341016288306,14753.508053325786,2787.739662344801
2023-02-02 00:00:00+00:00,14753.508053325786,14783.65079496484,14445.574353369275,14475.148381204865,2199.2686127682227
2023-02-02 01:00:00+00:00,14475.148381204865,14980.306012844805,14345.366561801937,14847.18854204178,2021.839047816678
2023-02-02 02:00:00+00:00,14847.18854204178,15321.917113922687,14766.963440681831,15239.571814002864,11337.620126606887
2023-02-02 03:00:00+00:00,15239.571814002864,15591.18873585704,15204.905587172103,15555.80316154338,2613.0185769017658
2023-02-02 04:00:00+00:00,15555.80316154338,15654.890515057128,15518.870399381114,15617.810534295708,1438.7173832932667
2023-02-02 05:00:00+00:00,15617.810534295708,16054.407733367376,15505.55275115141,15939.835298876143,2102.514461647335
2023-02-02 06:00:00+00:00,15939.835298876143,15967.852379193053,15917.0994739826,15945.109032096629,2905.079629976299
2023-02-02 07:00:00+00:00,15945.109032096629,16053.341978845052,15888.036003599304,15996.086484515177,3917.987923973731
2023-02-02 08:00:00+00:00,15996.086484515177,16032.207060479255,15702.679795602093,15738.218081939705,3933.9459547395513
2023-02-02 09:00:00+00:00,15738.218081939705,15913.284846382063,15660.003908852721,15834.591725500655,4181.006457692012
2023-02-02 10:00:00+00:00,15834.591725500655,15926.282341732987,15759.707028490087,15851.318540537248,2159.365800488916
2023-02-02 11:00:00+00:00,15851.318540537248,15941.62172552326,15458.356435151303,15546.925527259416,3534.122168502179
2023-02-02 12:00:00+00:00,15546.925527259416,15601.599819436135,15482.68065239366,15537.321168663551,1923.6318522735708
2023-02-02 13:00:00+00:00,15537.321168663551,15557.339333688304,15501.081267067133,15521.078505169236,2186.7648834932575
2023-02-02 14:00:00+00:00,15521.078505169236,16051.79484111475,15419.734011735905,15947.664962093164,1883.986920589352
2023-02-02 15:00:00+00:00,15947.664962093164,16235.977137003452,15878.077931628637,16165.439854067592,1645.5098801340598
2023-02-02 16:00:00+00:00,16165.439854067592,16281.603994534056,16054.51236349069,16170.640814886063,5075.11642446942
2023-02-02 17:00:00+00:00,16170.640814886063,16265.644130406788,16138.655243091318,16233.534155412328,4206.161909834195
2023-02-02 18:00:00+00:00,16233.534155412328,16265.001676059264,16215.28772474728,16246.740401623692,4857.759901357542
2023-02-02 19:00:00+00:00,16246.740401623692,16299.292891722793,16147.394367836163,16199.795006094666,3040.132968288019
2023-02-02 20:00:00+00:00,16199.795006094666,16282.558558488527,15859.840496091894,15941.283331494138,4395.795739809853
2023-02-02 21:00:00+00:00,15941.283331494138,16013.76273176462,15835.26455582621,15907.590767877542,1235.6535479056267
2023-02-02 22:00:00+00:00,15907.590767877542,16039.508011672522,15602.444946721347,15732.913641493229,4589.579832125741
2023-02-02 23:00:00+00:00,15732.913641493229,15802.146938374042,15374.955901405048,15442.913039384915,3256.9938433843167
2023-02-03 00:00:00+00:00,15442.913039384915,15653.990797448667,15353.746113263458,15564.124002786142,4078.786513814802
2023-02-03 01:00:00+00:00,15564.124002786142,15757.384444504094,15465.42192627814,15658.086491686785,3604.7642400074105
2023-02-03 02:00:00+00:00,15658.086491686785,15676.821118546088,15228.058509132301,15246.30044117821,1819.7827826060059
2023-02-03 03:00:00+00:00,15246.30044117821,15332.231645695469,15134.765770460655,15220.551850762531,1409.4856256403584
2023-02-03 04:00:00+00:00,15220.551850762531,15515.309029978796,15158.094600340775,15451.902436745713,2088.022901113294
2023-02-03 05:00:00+00:00,15451.902436745713,15776.95869563517,15377.864319425455,15701.723555142607,3953.9036694993633
2023-02-03 06:00:00+00:00,15701.723555142607,15977.936766480476,15671.849666522334,15947.595085983632,4209.275020065932
2023-02-03 07:00:00+00:00,15947.595085983632,16087.698814784404,15819.29054224414,15959.300099702055,1504.218632515599
2023-02-03 08:00:00+00:00,15959.300099702055,16110.620410086749,15611.20901084698,15760.64575257397,1825.2099787837983
2023-02-03 09:00:00+00:00,15760.64575257397,15779.565137265981,15490.228950601035,15508.846070072866,2076.381837967489
2023-02-03 10:00:00+00:00,15508.846070072866,15691.53715147779,15409.397845520212,15591.558545182945,2493.26274199765
2023-02-03 11:00:00+00:00,15591.558545182945,15806.363359023888,15468.78131118711,15682.867106937594,1508.6561770166702
2023-02-03 12:00:00+00:00,15682.867106937594,16048.024389243292,15626.984843756065,15991.044009076242,1464.0679639838168
2023-02-03 13:00:00+00:00,15991.044009076242,16391.025812965847,15861.708440912893,16259.518820457233,1976.4989505963458
2023-02-03 14:00:00+00:00,16259.518820457233,16368.314438920002,16121.139112473196,16229.73544454638,3112.329991612514
2023-02-03 15:00:00+00:00,16229.73544454638,16381.685753351388,15782.873962980897,15932.037081672795,1651.9353684862601
2023-02-03 16:00:00+00:00,15932.037081672795,16088.633764040558,15702.46531766114,15858.337604678172,2813.2572227023397
2023-02-03 17:00:00+00:00,15858.337604678172,15934.459431418938,15836.435416325156,15912.482462788805,5060.782568203227
2023-02-03 18:00:00+00:00,15912.482462788805,15992.115524125966,15787.29668087114,15866.700629778816,1554.8123332125529
2023-02-03 19:00:00+00:00,15866.700629778816,15960.677353671434,15638.935990542439,15732.115581989485,2688.6033063739624
2023-02-03 20:00:00+00:00,15732.115581989485,15830.927669430908,15695.606232856217,15794.274069772639,4975.983740729469
2023-02-03 21:00:00+00:00,15794.274069772639,15857.870858986367,15614.553665694899,15677.68098440043,2418.4105475187253
2023-02-03 22:00:00+00:00,15677.68098440043,15832.714859883676,15379.4018222107,15533.005022127663,2237.6134540200196
2023-02-03 23:00:00+00:00,15533.005022127663,15625.970828333811,15515.203047266625,15608.082808765488,5333.419705229658
2023-02-04 00:00:00+00:00,15608.082808765488,15687.255922975955,15437.869349731425,15516.578300793271,2557.7901972886675
2023-02-04 01:00:00+00:00,15516.578300793271,15709.53488381898,15383.385674726736,15575.833616545573,5178.379832094967
2023-02-04 02:00:00+00:00,15575.833616545573,15703.382163442198,15514.852493342285,15642.141437734621,3694.064774135407
2023-02-04 03:00:00+00:00,15642.141437734621,15725.329263547741,15297.582859544082,15379.3732350425,2511.354865500215
2023-02-04 04:00:00+00:00,15379.3732350425,15530.128183366312,15121.352575511,15271.045652268689,3788.953980147015
2023-02-04 05:00:00+00:00,15271.045652268689,15688.614870447387,15190.507813975193,15606.308890203602,3498.9729337837903
2023-02-04 06:00:00+00:00,15606.308890203602,15640.303985032826,15305.517558250602,15338.93022432195,4966.354805729194
2023-02-04 07:00:00+00:00,15338.93022432195,15361.40932571219,14840.02126669209,14861.801138544248,2266.126422487126
2023-02-04 08:00:00+00:00,14861.801138544248,15003.118277516971,14317.21008188372,14454.65577775229,3043.011817494697
2023-02-04 09:00:00+00:00,14454.65577775229,14512.201160102068,14405.621469832142,14463.138077805064,2890.6658722721572
2023-02-04 10:00:00+00:00,14463.138077805064,14552.14309974895,14383.06182680113,14472.017686126163,4238.963542498472
2023-02-04 11:00:00+00:00,14472.017686126163,14498.30344187944,14422.432976030725,14448.676336519706,1785.4225747986118
2023-02-04 12:00:00+00:00,14448.676336519706,14787.274885862342,14379.13635874688,14716.446159755596,4956.665543153221
2023-02-04 13:00:00+00:00,14716.446159755596,14854.353236087774,14007.71157881679,14140.218858104847,3763.72480663054
2023-02-04 14:00:00+00:00,14140.218858104847,14305.13658558678,14062.140572062868,14226.581429869078,1543.082723713248
2023-02-04 15:00:00+00:00,14226.581429869078,14707.782944548522,14088.011448590492,14565.907850514077,5454.146438237416
2023-02-04 16:00:00+00:00,14565.907850514077,14614.405342728454,14276.030356657897,14323.721484344343,9109.258022037096
2023-02-04 17:00:00+00:00,14323.721484344343,14403.087895236626,14165.558991346012,14244.486367814,4919.277675447531
2023-02-04 18:00:00+00:00,14244.486367814,14368.923026001612,13963.5780781023,14086.635788812502,6084.454675732764
2023-02-04 19:00:00+00:00,14086.635788812502,14157.551733542,13831.026353161184,13901.00779623541,3110.9570495307667
2023-02-04 20:00:00+00:00,13901.00779623541,13949.875209462183,13786.582421777504,13835.218560421923,1298.866889795182
2023-02-04 21:00:00+00:00,13835.218560421923,14259.756620988761,13714.862144228016,14136.776865186846,1185.52355482773
2023-02-04 22:00:00+00:00,14136.776865186846,14599.530348084896,14073.034064509815,14533.996482081857,3386.4620825163424
2023-02-04 23:00:00+00:00,14533.996482081857,14617.952252570994,14379.565605415453,14463.111910494941,2217.2225680831853
2023-02-05 00:00:00+00:00,14463.111910494941,15030.30429201137,14321.53621637774,14884.602732310614,1886.940212234869
2023-02-05 01:00:00+00:00,14884.602732310614,14934.675462017733,14844.736561750422,14894.78202774515,2888.887208562135
2023-02-05 02:00:00+00:00,14894.78202774515,15350.868443514282,14839.483574634667,15294.087526520832,4055.351492013472
2023-02-05 03:00:00+00:00,15294.087526520832,15313.658244693292,15255.443527305297,15274.989807532347,1441.7619581020094
2023-02-05 04:00:00+00:00,15274.989807532347,15376.633171750771,15205.84696449907,15307.343876748784,2381.6794995117125
2023-02-05 05:00:00+00:00,15307.343876748784,15436.927919254485,15264.458043378529,15393.799866385192,6341.9104925727825
2023-02-05 06:00:00+00:00,15393.799866385192,16263.00200342234,15284.191171238434,16148.02300240528,1741.2452721562297
2023-02-05 07:00:00+00:00,16148.02300240528,16401.0498307165,16105.523131620048,16357.997329941383,4604.920080426104
2023-02-05 08:00:00+00:00,16357.997329941383,16473.702594089915,16073.299736833385,16187.801149827035,2339.3645677367417
2023-02-05 09:00:00+00:00,16187.801149827035,16482.65342013557,16133.22755812266,16427.27250371975,3916.2775613273784
2023-02-05 10:00:00+00:00,16427.27250371975,16496.21711765708,16272.224414599774,16340.806132592292,5159.854980887138
2023-02-05 11:00:00+00:00,16340.806132592292,16408.452917266302,16156.473932740659,16223.635661440821,4318.402769083212
2023-02-05 12:00:00+00:00,16223.635661440821,16571.284311852633,16102.75715249019,16448.7286874926,4696.532742573411
2023-02-05 13:00:00+00:00,16448.7286874926,16544.431699196928,16363.218600109025,16458.8688970884,1676.0636091847416
2023-02-05 14:00:00+00:00,16458.8688970884,16600.549388656338,16388.8908873114,16530.267812816925,5202.163383663108
2023-02-05 15:00:00+00:00,16530.267812816925,16679.64471293611,16386.89080800298,16536.216114902596,1946.2377766821755
2023-02-05 16:00:00+00:00,16536.216114902596,16724.594742033987,16434.558806413785,16622.40756679974,3394.0218472197953
2023-02-05 17:00:00+00:00,16622.40756679974,16780.14490263873,16573.7957116783,16731.21484309773,3391.823948191376
2023-02-05 18:00:00+00:00,16731.21484309773,16883.482642918007,16106.600163960979,16254.529737723975,3799.2588204291105
2023-02-05 19:00:00+00:00,16254.529737723975,16487.38840275107,16188.148633147583,16420.330193541442,3527.9714970623804
2023-02-05 20:00:00+00:00,16420.330193541442,16442.511011984097,16160.79413953831,16182.653901423548,1954.901349901073
2023-02-05 21:00:00+00:00,16182.653901423548,16270.872053522278,15752.34305477386,15838.686100107134,1517.8745210773616
2023-02-05 22:00:00+00:00,15838.686100107134,15872.191929668565,15793.707210193668,15827.188717703839,4610.8815346685615
2023-02-05 23:00:00+00:00,15827.188717703839,15899.381994195579,15777.393248318376,15849.516277885075,3271.216747635033
2023-02-06 00:00:00+00:00,15849.516277885075,15971.937907605357,15566.674920285479,15687.84782320875,5295.901086801205
2023-02-06 01:00:00+00:00,15687.84782320875,15921.593459836029,15653.699044427834,15887.0111490352,2915.024585567773
2023-02-06 02:00:00+00:00,15887.0111490352,16018.277547184895,15444.028400899237,15572.697785505363,1476.4824570363107
2023-02-06 03:00:00+00:00,15572.697785505363,15719.582049750776,15334.238713453467,15480.25100435047,4832.237261312748
2023-02-06 04:00:00+00:00,15480.25100435047,15580.23467776342,15248.211746116596,15347.336955747283,2477.0279052467613
2023-02-06 05:00:00+00:00,15347.336955747283,15460.80338961931,15225.51232952439,15338.91650907449,3536.885189092712
2023-02-06 06:00:00+00:00,15338.91650907449,15519.867787760782,15225.066783683145,15405.52368529157,2156.56139572236
2023-02-06 07:00:00+00:00,15405.52368529157,15558.581747482942,15025.860889884174,15176.644979971199,6782.837848698494
2023-02-06 08:00:00+00:00,15176.644979971199,15407.24018181012,15114.817690418635,15344.728147593161,1923.1458503113763
2023-02-06 09:00:00+00:00,15344.728147593161,15399.417461104982,15306.892513892702,15361.54037334882,2518.163444511116
2023-02-06 10:00:00+00:00,15361.54037334882,15448.678789679074,14849.247027458692,14933.959991888369,3145.4880859335453
2023-02-06 11:00:00+00:00,14933.959991888369,15020.565733811638,14419.663742890389,14503.774733691325,1726.5989651714037
2023-02-06 12:00:00+00:00,14503.774733691325,14541.502132298036,14465.544078819166,14503.270164935375,3516.634714581382
2023-02-06 13:00:00+00:00,14503.270164935375,14597.802258999358,14363.21354790837,14457.446967066486,6673.870388323839
2023-02-06 14:00:00+00:00,14457.446967066486,14473.742282300038,14420.929413458643,14437.201910030848,2332.670248230937
2023-02-06 15:00:00+00:00,14437.201910030848,14572.175536226963,14298.370966112489,14433.30818985788,3632.1186586325402
2023-02-06 16:00:00+00:00,14433.30818985788,14533.371198599778,14384.506742849891,14484.397011676736,753.917018552061
2023-02-06 17:00:00+00:00,14484.397011676736,14713.888877466688,14464.755562787364,14693.963247985192,2923.495884129609
2023-02-06 18:00:00+00:00,14693.963247985192,14722.972731064996,14424.728289875422,14453.262570853334,2549.057232474842
2023-02-06 19:00:00+00:00,14453.262570853334,14498.967263610903,14158.616060475757,14203.531042070259,1979.800178793965
2023-02-06 20:00:00+00:00,14203.531042070259,14252.748486028022,13926.166711470041,13974.590842030471,5119.055533039079
2023-02-06 21:00:00+00:00,13974.590842030471,14055.572587648112,13956.489694321868,14037.390096693223,2532.287084113523
2023-02-06 22:00:00+00:00,14037.390096693223,14354.40314351333,13988.059994329164,14304.135645725457,2727.828789245184
2023-02-06 23:00:00+00:00,14304.135645725457,14343.278564305903,14175.12096484625,14214.017276706201,2468.5928294572223
2023-02-07 00:00:00+00:00,14214.017276706201,14276.666813617798,13632.215547136086,13692.566744759584,1143.206216168963
2023-02-07 01:00:00+00:00,13692.566744759584,13753.724726069417,13289.3997342424,13349.023275335596,1692.57578368044
2023-02-07 02:00:00+00:00,13349.023275335596,13403.101098589372,13131.821029336143,13185.235336238278,4820.084524335635
2023-02-07 03:00:00+00:00,13185.235336238278,13237.334353765045,13025.677388705097,13077.350117754997,1037.9726104832466
2023-02-07 04:00:00+00:00,13077.350117754997,13100.988493892573,12975.937601042064,12999.435139506413,2032.1351660106848
2023-02-07 05:00:00+00:00,12999.435139506413,13024.871411074266,12983.486853688655,13008.911499236465,2440.9436171203106
2023-02-07 06:00:00+00:00,13008.911499236465,13045.583994126893,12913.656798767932,12950.16368187507,7128.177949142537
2023-02-07 07:00:00+00:00,12950.16368187507,13260.345332834275,12849.024912779616,13157.586622752906,4377.801263735902
2023-02-07 08:00:00+00:00,13157.586622752906,13288.074197227834,12897.602874371381,13026.793334149152,2256.149180350146
2023-02-07 09:00:00+00:00,13026.793334149152,13148.68159477368,12740.969013438029,12861.308879781176,5723.048223052029
2023-02-07 10:00:00+00:00,12861.308879781176,13027.719046899838,12790.083283028776,12955.96922360559,2058.519038206559
2023-02-07 11:00:00+00:00,12955.96922360559,13030.937834399741,12589.57101418368,12662.843477853072,4937.181505269763
2023-02-07 12:00:00+00:00,12662.843477853072,12787.796069090793,12614.329159847754,12738.9900158708,1511.0520016058592
2023-02-07 13:00:00+00:00,12738.9900158708,12862.15870008022,12637.518164819685,12760.51538963416,5098.129138862121
2023-02-07 14:00:00+00:00,12760.51538963416,12861.104110395007,12633.853377290958,12734.234934209951,2433.1285496881337
2023-02-07 15:00:00+00:00,12734.234934209951,13155.36772669429,12624.740236326514,13043.216267885893,1782.4567343320196
2023-02-07 16:00:00+00:00,13043.216267885893,13161.381822977126,12806.901846041452,12923.987240850645,2674.260556022615
2023-02-07 17:00:00+00:00,12923.987240850645,13397.078569109732,12860.541536330564,13331.631679651025,3424.367595027962
2023-02-07 18:00:00+00:00,13331.631679651025,13436.976634893832,13183.615335480386,13288.620420913137,2327.6763743585834
2023-02-07 19:00:00+00:00,13288.620420913137,13398.35238086793,12930.785531390806,13038.451700986066,3932.288114999951
2023-02-07 20:00:00+00:00,13038.451700986066,13103.385520181495,12989.216726278308,13054.091487503414,2227.2057640631206
2023-02-07 21:00:00+00:00,13054.091487503414,13176.319298396702,12726.680801143455,12846.969289574934,4065.069816908568
2023-02-07 22:00:00+00:00,12846.969289574934,12870.724280348804,12681.329677716898,12704.821827381958,3718.631603297246
2023-02-07 23:00:00+00:00,12704.821827381958,12909.795382324428,12578.428890627036,12782.62839297298,2891.522539468445
2023-02-08 00:00:00+00:00,12782.62839297298,12993.774478865751,12681.251713268084,12891.53408808113,2390.6219562632673
2023-02-08 01:00:00+00:00,12891.53408808113,12915.247267667944,12750.202785071075,12773.69921469663,3215.6037089678784
2023-02-08 02:00:00+00:00,12773.69921469663,13055.790013097767,12685.483194215996,12966.244263640774,3925.0205721577518
2023-02-08 03:00:00+00:00,12966.244263640774,13212.571493633517,12949.289412059185,13195.317103040135,8357.374288028464
2023-02-08 04:00:00+00:00,13195.317103040135,13591.667486733422,13090.656036698243,13484.711039556636,4768.133516139183
2023-02-08 05:00:00+00:00,13484.711039556636,13705.639013906593,13374.230717124217,13594.261146756275,4856.119663845036
2023-02-08 06:00:00+00:00,13594.261146756275,13966.34240166132,13506.962984927439,13877.227119430874,13964.254554941775
2023-02-08 07:00:00+00:00,13877.227119430874,13998.121962964744,13375.668473203883,13493.217927142428,3858.289534158494
2023-02-08 08:00:00+00:00,13493.217927142428,13518.597988951833,13405.778756576423,13431.041868357783,3798.348916575429
2023-02-08 09:00:00+00:00,13431.041868357783,13477.826412300494,13213.302812318962,13259.48978639362,4238.681518125503
2023-02-08 10:00:00+00:00,13259.48978639362,13348.02390760425,13196.80425305142,13285.216747539855,1799.9551217383807
2023-02-08 11:00:00+00:00,13285.216747539855,13303.578532241196,13155.594144786231,13173.801940679188,2387.612476427151
2023-02-08 12:00:00+00:00,13173.801940679188,13240.118132298465,13076.819129011068,13142.9801655159,2314.422248415408
2023-02-08 13:00:00+00:00,13142.9801655159,13567.15244611466,13098.465928610547,13521.356677814163,4120.818091828629
2023-02-08 14:00:00+00:00,13521.356677814163,13582.67082609842,13427.833599175192,13489.001027036571,2732.3374179137268
2023-02-08 15:00:00+00:00,13489.001027036571,13640.534196734006,13423.904137453672,13575.022175652342,3194.263145214568
2023-02-08 16:00:00+00:00,13575.022175652342,13696.039501880612,13409.223352914978,13529.837874399776,5134.446413741165
2023-02-08 17:00:00+00:00,13529.837874399776,13593.752986176534,13483.389011006955,13547.24436510469,4589.724912549013
2023-02-08 18:00:00+00:00,13547.24436510469,13673.045976095156,13424.727311660412,13550.49948436735,2749.4041610607396
2023-02-08 19:00:00+00:00,13550.49948436735,13709.929668647694,13484.999910831515,13643.978243219128,2132.3980096449604
2023-02-08 20:00:00+00:00,13643.978243219128,13941.505117673301,13590.080852293937,13886.649111422246,5258.690739069264
2023-02-08 21:00:00+00:00,13886.649111422246,14314.832073918047,13809.958585780414,14236.21105453746,4389.390202809453
2023-02-08 22:00:00+00:00,14236.21105453746,14372.713199386708,14168.451109161424,14304.627612433145,1335.2470245755164
2023-02-08 23:00:00+00:00,14304.627612433145,14481.719954926315,14257.188448956673,14433.852237259658,2548.914931526216
2023-02-09 00:00:00+00:00,14433.852237259658,14513.586481368404,14110.566326084288,14188.947689571305,3238.1508838591776
2023-02-09 01:00:00+00:00,14188.947689571305,14222.521798909454,14138.847618791153,14172.382531393641,4400.242176742797
2023-02-09 02:00:00+00:00,14172.382531393641,14435.756667949257,14113.320976871291,14375.847200971186,4698.745078491876
2023-02-09 03:00:00+00:00,14375.847200971186,14654.72311345841,14288.267930096483,14565.985498782822,3435.6210901675677
2023-02-09 04:00:00+00:00,14565.985498782822,14683.475751790593,14497.2242268483,14614.485527024077,3994.3005666133818
2023-02-09 05:00:00+00:00,14614.485527024077,14936.966392642778,14491.501544012035,14812.317610853393,3078.1018428252146
2023-02-09 06:00:00+00:00,14812.317610853393,14973.405104991127,14763.28149481725,14923.999267294386,2128.290077762878
2023-02-09 07:00:00+00:00,14923.999267294386,15345.252342392356,14778.819435039839,15197.412758944914,2615.9112979202428
2023-02-09 08:00:00+00:00,15197.412758944914,15388.88902889102,15074.883646118768,15265.808475722311,3009.3987691414354
2023-02-09 09:00:00+00:00,15265.808475722311,15414.01409255393,15039.413810105294,15186.852899577194,2929.7148457070393
2023-02-09 10:00:00+00:00,15186.852899577194,15396.260784702808,15057.108137565921,15265.841207489235,1161.205011317803
2023-02-09 11:00:00+00:00,15265.841207489235,15300.631072399834,14578.200258722707,14611.498919874402,2443.6749995348637
2023-02-09 12:00:00+00:00,14611.498919874402,14782.201303407897,14527.656081543493,14697.862896418175,3065.919571022841
2023-02-09 13:00:00+00:00,14697.862896418175,14735.045648313437,13881.998065756385,13917.205906375046,2589.7458023007753
2023-02-09 14:00:00+00:00,13917.205906375046,14033.610059184097,13450.613756347886,13564.064215750715,2634.867308084267
2023-02-09 15:00:00+00:00,13564.064215750715,13743.808754081576,13479.187635399567,13658.342232871388,3804.7124103491124
2023-02-09 16:00:00+00:00,13658.342232871388,13804.971793924515,13612.299362569998,13758.590980700372,1738.0540537708507
2023-02-09 17:00:00+00:00,13758.590980700372,13887.459319968408,13396.138110026277,13522.797919345985,1320.7815094821533
2023-02-09 18:00:00+00:00,13522.797919345985,13550.339456764194,13353.876456253543,13381.129461138324,2504.677103924599
2023-02-09 19:00:00+00:00,13381.129461138324,13744.104448113327,13299.842289305121,13661.116422231627,4367.985521528636
2023-02-09 20:00:00+00:00,13661.116422231627,13763.429509315933,13462.736060834839,13564.324235907388,6931.11878328523
2023-02-09 21:00:00+00:00,13564.324235907388,14052.009366287886,13543.575745900807,14030.547723660633,4407.50531225428
2023-02-09 22:00:00+00:00,14030.547723660633,14121.783987436624,13941.02294748497,14032.24836000334,1430.6270448778164
2023-02-09 23:00:00+00:00,14032.24836000334,14238.32364133065,13915.175755209875,14120.514621326778,2653.9818610852376
2023-02-10 00:00:00+00:00,14120.514621326778,14492.60107403731,14097.812422830239,14469.338056118162,3389.091568403389
2023-02-10 01:00:00+00:00,14469.338056118162,14581.326578852804,14388.162367619734,14499.97898899903,3257.7614231144526
2023-02-10 02:00:00+00:00,14499.97898899903,14548.220630843532,14238.2140354279,14285.742910711378,3903.5913855611493
2023-02-10 03:00:00+00:00,14285.742910711378,14385.261968177017,14165.018378648965,14264.388675678647,1884.6087652892625
2023-02-10 04:00:00+00:00,14264.388675678647,14293.888805173496,14229.421106810869,14258.909905681738,3079.3430069292494
2023-02-10 05:00:00+00:00,14258.909905681738,14393.42080292971,13840.272001290019,13972.077071646489,3678.1361242830753
2023-02-10 06:00:00+00:00,13972.077071646489,14098.560099035443,13794.632695564816,13920.650178056105,4504.514867398567
2023-02-10 07:00:00+00:00,13920.650178056105,13957.870791804571,13731.78378199736,13768.597842807027,1992.491045783369
2023-02-10 08:00:00+00:00,13768.597842807027,14017.5149858643,13714.770983341117,13962.92841184004,2508.4531478140134
2023-02-10 09:00:00+00:00,13962.92841184004,14060.14287851978,13875.119537677834,13972.275224916115,771.3106108651168
2023-02-10 10:00:00+00:00,13972.275224916115,14076.544181505933,13811.375215286973,13915.218381702143,2184.7769418552516
2023-02-10 11:00:00+00:00,13915.218381702143,13984.570496154207,13825.90483794767,13895.156968238187,2293.4042242409137
2023-02-10 12:00:00+00:00,13895.156968238187,13977.388555764175,13861.71657920716,13943.831026678256,1790.424006486213
2023-02-10 13:00:00+00:00,13943.831026678256,14102.821620892613,13916.816758174708,14075.552160679219,3238.307433159132
2023-02-10 14:00:00+00:00,14075.552160679219,14216.277955173491,13729.482352782532,13868.134407807698,2898.727956271668
2023-02-10 15:00:00+00:00,13868.134407807698,13938.836502023034,13585.57673965691,13655.193223708848,963.3271379377445
2023-02-10 16:00:00+00:00,13655.193223708848,14008.354799850287,13534.306723829148,13885.430062566193,3320.1126254082146
2023-02-10 17:00:00+00:00,13885.430062566193,13959.597477113999,13728.161955561836,13801.883113770617,1874.0140022188514
2023-02-10 18:00:00+00:00,13801.883113770617,13930.257447731137,13387.985011388468,13513.678692987456,3800.334923505803
2023-02-10 19:00:00+00:00,13513.678692987456,13630.33514560163,13489.491445384841,13605.98268912732,1570.3823066752063
2023-02-10 20:00:00+00:00,13605.98268912732,13730.70093079761,13578.414618146457,13702.936414822445,3026.019290560842
2023-02-10 21:00:00+00:00,13702.936414822445,13831.287568055282,13268.44400482476,13393.900514678026,2587.4246996270317
2023-02-10 22:00:00+00:00,13393.900514678026,13570.169725750427,13266.290965910235,13442.10095034887,3468.754734779064
2023-02-10 23:00:00+00:00,13442.10095034887,13645.37343721482,13390.584676101531,13593.277784248054,3172.7329945351626
2023-02-11 00:00:00+00:00,13593.277784248054,13729.25407309236,13536.233811750737,13671.880246620674,2623.9022904232147
2023-02-11 01:00:00+00:00,13671.880246620674,13874.188085965983,13602.535757520109,13804.172603138937,1382.7974209841732
2023-02-11 02:00:00+00:00,13804.172603138937,13869.679684704228,13454.318357572472,13518.469648589122,1424.2434198505641
2023-02-11 03:00:00+00:00,13518.469648589122,13624.630423151799,13481.829094586248,13587.801950396688,2226.2114769694103
2023-02-11 04:00:00+00:00,13587.801950396688,13711.252273493803,13405.38210930193,13528.291759795477,2968.6425042575906
2023-02-11 05:00:00+00:00,13528.291759795477,13572.661423701149,13388.63439339974,13432.690507337995,2199.2595761439934
2023-02-11 06:00:00+00:00,13432.690507337995,13711.299184275149,13333.994462831757,13611.290882144045,4074.9182547501073
2023-02-11 07:00:00+00:00,13611.290882144045,13941.108106480498,13589.452912085557,13918.77680566819,2592.5300739274917
2023-02-11 08:00:00+00:00,13918.77680566819,14319.92869226319,13900.003688652323,14300.640531970312,1839.9499287745696
2023-02-11 09:00:00+00:00,14300.640531970312,14688.082304779147,14202.201011000283,14587.66701569576,2593.9882975317255
2023-02-11 10:00:00+00:00,14587.66701569576,14646.76373670133,14506.85161841989,14565.859996076724,3337.3418578103883
2023-02-11 11:00:00+00:00,14565.859996076724,14746.366020001395,14465.36816835339,14645.32594599864,3506.7408747908976
2023-02-11 12:00:00+00:00,14645.32594599864,14844.331397246264,14618.287879688269,14816.976431385603,7625.01497948697
2023-02-11 13:00:00+00:00,14816.976431385603,14987.921013031502,14675.494125368425,14846.160042563019,2133.5559568281938
2023-02-11 14:00:00+00:00,14846.160042563019,14992.6423023545,14731.300792393438,14877.54027493143,2873.4269889045645
2023-02-11 15:00:00+00:00,14877.54027493143,15198.643219310909,14745.332425198003,15064.771556562038,3688.8202608531537
2023-02-11 16:00:00+00:00,15064.771556562038,15098.339407606503,15020.096149223205,15053.639194749598,2946.2501948922395
2023-02-11 17:00:00+00:00,15053.639194749598,15112.06912333394,14834.29105295495,14892.093951963452,2320.854990147301
2023-02-11 18:00:00+00:00,14892.093951963452,14956.354789015582,14738.143580742297,14802.015721449123,1373.848784570242
2023-02-11 19:00:00+00:00,14802.015721449123,15032.877311009914,14715.65256385668,14945.67596002158,2309.029811966215
2023-02-11 20:00:00+00:00,14945.67596002158,15003.47762103119,14890.798182377332,14948.589146700408,1742.6265989774042
2023-02-11 21:00:00+00:00,14948.589146700408,15050.550324364422,14925.483461061867,15027.322941734992,1257.2683363530566
2023-02-11 22:00:00+00:00,15027.322941734992,15246.98629664396,14962.406327811163,15181.404066831681,2002.517822774254
2023-02-11 23:00:00+00:00,15181.404066831681,15231.36521490114,15048.860429688864,15098.54890607812,1765.9677857215838
2023-02-12 00:00:00+00:00,15098.54890607812,15341.409549592341,15031.008693734555,15273.088570430318,3991.38382333797
2023-02-12 01:00:00+00:00,15273.088570430318,15405.02571010999,15230.741857006844,15362.431281878818,4026.0697007581803
2023-02-12 02:00:00+00:00,15362.431281878818,15414.003998675711,15032.132709011663,15082.766572537987,1897.0595388001343
2023-02-12 03:00:00+00:00,15082.766572537987,15517.338066974036,14982.578223739833,15414.94321124749,2617.2663775427786
2023-02-12 04:00:00+00:00,15414.94321124749,15484.208478313976,15233.130530924966,15301.887796542109,1177.1819331610125
2023-02-12 05:00:00+00:00,15301.887796542109,15364.754845700267,14867.577906300216,14928.912605333195,2328.151827932208
2023-02-12 06:00:00+00:00,14928.912605333195,15015.577192712195,14613.59199660466,14698.921450672453,3639.0973545195125
2023-02-12 07:00:00+00:00,14698.921450672453,14815.730029269773,14362.633733829529,14477.684196412032,4502.8641217982795
2023-02-12 08:00:00+00:00,14477.684196412032,14555.095807747535,14413.840336598309,14491.192379391716,2086.9865432283796
2023-02-12 09:00:00+00:00,14491.192379391716,14582.308293710532,14343.197084889613,14433.953097179861,5043.862468029662
2023-02-12 10:00:00+00:00,14433.953097179861,14573.902160669468,14224.099464601244,14363.364109718323,1397.100140529857
2023-02-12 11:00:00+00:00,14363.364109718323,14582.293007863082,14281.524231674615,14499.676446520496,1597.4854854627595
2023-02-12 12:00:00+00:00,14499.676446520496,14709.899304849618,14366.45083565198,14575.972670678419,4250.665903489509
2023-02-12 13:00:00+00:00,14575.972670678419,14766.70909270375,14457.279743682095,14647.43425023346,6874.406656365201
2023-02-12 14:00:00+00:00,14647.43425023346,14762.496016706726,14625.04611372465,14739.966447682666,3815.076492940954
2023-02-12 15:00:00+00:00,14739.966447682666,14951.396988652208,14668.302354521225,14879.05665422827,2921.430891970921
2023-02-12 16:00:00+00:00,14879.05665422827,14987.448583262803,14313.07994251947,14418.113965988228,994.6671183283457
2023-02-12 17:00:00+00:00,14418.113965988228,14560.570803201703,14199.960944810618,14341.662409514136,1084.3938778784884
2023-02-12 18:00:00+00:00,14341.662409514136,14415.168974142924,13811.16107946051,13882.31330232117,3180.217178118154
2023-02-12 19:00:00+00:00,13882.31330232117,13917.400502135297,13856.838298322078,13891.907891402378,2492.3184613321228
2023-02-12 20:00:00+00:00,13891.907891402378,13977.191410822075,13807.749566307868,13893.02631025381,1714.8526009251054
2023-02-12 21:00:00+00:00,13893.02631025381,14144.937463372231,13863.308097098423,14114.744977551685,3080.2507667058876
2023-02-12 22:00:00+00:00,14114.744977551685,14482.169509616293,14005.162670123265,14370.600820311103,3157.594188143423
2023-02-12 23:00:00+00:00,14370.600820311103,14496.826720200133,14290.569608205196,14416.539670367003,4780.057880340982
2023-02-13 00:00:00+00:00,14416.539670367003,14524.82060322636,14203.40164647472,14310.889049957634,3191.6750164785026
2023-02-13 01:00:00+00:00,14310.889049957634,14544.802109143822,14184.606095069132,14417.577706193255,5509.323865419264
2023-02-13 02:00:00+00:00,14417.577706193255,14513.606446094853,14210.719286498808,14306.004892084471,2992.896763997148
2023-02-13 03:00:00+00:00,14306.004892084471,14401.024136831522,14212.844846828779,14307.852062884618,2813.9163267345234
2023-02-13 04:00:00+00:00,14307.852062884618,14636.398367876442,14196.377689397958,14523.245832953264,5075.377031763559
2023-02-13 05:00:00+00:00,14523.245832953264,14647.885708589898,14280.783511897416,14404.40347109299,1827.6377408599865
2023-02-13 06:00:00+00:00,14404.40347109299,14710.358980193354,14277.335255241362,14581.72651196032,12176.020048185435
2023-02-13 07:00:00+00:00,14581.72651196032,14752.420152727842,14562.363849096335,14732.85680821121,3596.1846359366014
2023-02-13 08:00:00+00:00,14732.85680821121,14821.338113026966,14438.30089233004,14525.537094514262,3606.217169435197
2023-02-13 09:00:00+00:00,14525.537094514262,14784.935382438392,14482.738706482924,14741.500674178551,3875.957418403489
2023-02-13 10:00:00+00:00,14741.500674178551,15029.280019742377,14612.614067743496,14899.016236940153,7620.2788131674
2023-02-13 11:00:00+00:00,14899.016236940153,15026.065562879716,14797.172831944661,14924.051030570437,4430.437895232287
2023-02-13 12:00:00+00:00,14924.051030570437,14995.417877092463,14686.016024631308,14756.582034024783,1336.0489738499307
2023-02-13 13:00:00+00:00,14756.582034024783,14796.320595317786,14530.567908171532,14569.803486406148,6013.337467112044
2023-02-13 14:00:00+00:00,14569.803486406148,14628.82885835466,14396.379522006793,14454.939555748317,2513.8022090951135
2023-02-13 15:00:00+00:00,14454.939555748317,14682.14819242792,14348.927039875203,14575.253295676304,3145.026315221797
2023-02-13 16:00:00+00:00,14575.253295676304,14616.63587818562,14329.171998244323,14369.971737984013,1572.4229892294484
2023-02-13 17:00:00+00:00,14369.971737984013,14493.408628558254,14343.498707729002,14466.757295447975,3878.1015012280673
2023-02-13 18:00:00+00:00,14466.757295447975,14596.846121393326,14074.211497216764,14201.91882710824,2152.344204813387
2023-02-13 19:00:00+00:00,14201.91882710824,14313.800026099505,14049.08076548462,14160.636748673116,3134.060787906658
2023-02-13 20:00:00+00:00,14160.636748673116,14225.76871867342,14121.013100988957,14186.07389392995,2586.214486530883
2023-02-13 21:00:00+00:00,14186.07389392995,14771.681745402018,14134.5670416397,14718.242692567079,7804.8951633071565
2023-02-13 22:00:00+00:00,14718.242692567079,14861.725418290616,14278.880085358407,14419.449991112435,8031.528600824581
2023-02-13 23:00:00+00:00,14419.449991112435,14852.301187879144,14313.12586399958,14743.586984659012,3051.0973296444467
2023-02-14 00:00:00+00:00,14743.586984659012,14874.964161412305,14647.83183919778,14778.97915449508,3077.857003398828
2023-02-14 01:00:00+00:00,14778.97915449508,14928.691946603229,14723.282260579876,14872.642069347447,2473.225669824313
2023-02-14 02:00:00+00:00,14872.642069347447,14956.320229871882,14817.730396449922,14901.302738165312,5182.294266304053
2023-02-14 03:00:00+00:00,14901.302738165312,15023.630646227495,14881.100854760447,15003.290496736534,2528.9009110763577
2023-02-14 04:00:00+00:00,15003.290496736534,15116.660412869884,14857.863242339088,14970.989078073835,2414.702482093989
2023-02-14 05:00:00+00:00,14970.989078073835,15324.649853375588,14950.200706590831,15303.399903856869,4862.443808816533
2023-02-14 06:00:00+00:00,15303.399903856869,15319.372307802989,15185.388633136718,15201.254426209405,2277.5383151775136
2023-02-14 07:00:00+00:00,15201.254426209405,15580.941245557056,15086.250007883993,15463.94941987065,2925.21272283094
2023-02-14 08:00:00+00:00,15463.94941987065,15611.47339136809,15171.37311552566,15317.499979304412,1352.0058847842424
2023-02-14 09:00:00+00:00,15317.499979304412,15437.107098044879,15186.441344390112,15305.958339922885,4239.052992955959
2023-02-14 10:00:00+00:00,15305.958339922885,15386.23444424498,14985.067189281011,15064.074671398796,7867.010976531392
2023-02-14 11:00:00+00:00,15064.074671398796,15251.046455750628,14983.114199329824,15169.51928140558,4275.313390485538
2023-02-14 12:00:00+00:00,15169.51928140558,15580.6246388816,15094.805943269885,15504.262613579134,6191.295195492558
2023-02-14 13:00:00+00:00,15504.262613579134,15565.067122229138,15427.862799439696,15488.605905722363,1952.662162244316
2023-02-14 14:00:00+00:00,15488.605905722363,15576.82014435853,15357.280427519046,15445.24772274901,3354.8493357289763
2023-02-14 15:00:00+00:00,15445.24772274901,15520.626070522263,15117.300317327108,15191.439992356974,1860.164191507565
2023-02-14 16:00:00+00:00,15191.439992356974,15288.414715444284,15044.895261362142,15141.551520846766,2660.0952973603567
2023-02-14 17:00:00+00:00,15141.551520846766,15279.083455604943,14651.990898144282,14786.296018496787,4385.705313237426
2023-02-14 18:00:00+00:00,14786.296018496787,14933.494848586959,14442.173902127126,14587.39263214796,3136.648984198356
2023-02-14 19:00:00+00:00,14587.39263214796,14664.31013126806,14562.46730593579,14639.29611810876,1470.9731811165677
2023-02-14 20:00:00+00:00,14639.29611810876,15000.699770077348,14573.973364578364,14934.061727811995,1544.5462351025733
2023-02-14 21:00:00+00:00,14934.061727811995,15620.0555667269,14894.839568744566,15579.139204711144,1494.3073004313405
2023-02-14 22:00:00+00:00,15579.139204711144,15644.08994883689,15380.588287277993,15444.979709161798,3811.3025829110993
2023-02-14 23:00:00+00:00,15444.979709161798,15840.094515838004,15389.57459500693,15783.475131553187,8366.134826088324
2023-02-15 00:00:00+00:00,15783.475131553187,15884.397488597579,15742.898434132558,15843.666050305415,5891.283248907682
2023-02-15 01:00:00+00:00,15843.666050305415,15968.461608802701,15685.601945535056,15810.133377750832,1155.1753162832847
2023-02-15 02:00:00+00:00,15810.133377750832,16002.448076527508,15723.705723411022,15915.444727302673,6066.505202286623
2023-02-15 03:00:00+00:00,15915.444727302673,16080.369293595033,15767.85746228401,15932.622733315115,4760.9390563183215
2023-02-15 04:00:00+00:00,15932.622733315115,15982.06544314774,15912.016562661895,15961.422025448735,1376.569793971153
2023-02-15 05:00:00+00:00,15961.422025448735,15987.005026480418,15840.906320763757,15866.336919185711,2561.6303536087703
2023-02-15 06:00:00+00:00,15866.336919185711,15939.789526941318,15467.450275691815,15539.389291749665,5155.200065807418
2023-02-15 07:00:00+00:00,15539.389291749665,15566.155825838927,15159.837875500049,15185.995690565967,3925.3733843685764
2023-02-15 08:00:00+00:00,15185.995690565967,15389.435371126265,15134.901400204943,15337.830223402598,1549.1357500678087
2023-02-15 09:00:00+00:00,15337.830223402598,15489.280064776809,15125.748606401718,15276.593782768872,4045.54307125268
2023-02-15 10:00:00+00:00,15276.593782768872,15320.600095916583,15099.259636622342,15142.880771192747,1023.7725911280025
2023-02-15 11:00:00+00:00,15142.880771192747,15189.24002295192,15100.737230389803,15147.084782135658,2666.678347032329
2023-02-15 12:00:00+00:00,15147.084782135658,15425.560827073397,15053.736842750955,15331.07897453207,5265.747473149147
2023-02-15 13:00:00+00:00,15331.07897453207,15459.203874217763,15247.034235429552,15374.918805834428,3008.5006411873933
2023-02-15 14:00:00+00:00,15374.918805834428,15470.611449861877,15131.873009380137,15226.642791699003,2322.8060195930857
2023-02-15 15:00:00+00:00,15226.642791699003,15579.751804218111,15159.788427332489,15511.646099340405,4650.23542757679
2023-02-15 16:00:00+00:00,15511.646099340405,16019.942012853919,15380.714447026552,15885.851742630184,4853.114328990758
2023-02-15 17:00:00+00:00,15885.851742630184,16042.507836825693,15850.152660035912,16006.537546081228,5738.882858593353
2023-02-15 18:00:00+00:00,16006.537546081228,16323.339777284495,15928.817261804008,16244.46423193918,4615.480295517093
2023-02-15 19:00:00+00:00,16244.46423193918,16671.71535568159,16127.376462626786,16552.407972038607,5118.861842670166
2023-02-15 20:00:00+00:00,16552.407972038607,16986.324651749346,16406.51293008479,16837.91313079231,4300.361116422123
2023-02-15 21:00:00+00:00,16837.91313079231,17069.809537953675,16765.069886230536,16996.28117037526,3404.196875573444
2023-02-15 22:00:00+00:00,16996.28117037526,17256.87979971315,16892.43881468592,17152.085524542064,3117.3996877205714
2023-02-15 23:00:00+00:00,17152.085524542064,17316.94712854221,17124.260390768184,17288.900046110284,2647.4975192294273
2023-02-16 00:00:00+00:00,17288.900046110284,17332.690613369185,16966.121957222866,17009.204090485146,1625.8984811965115
2023-02-16 01:00:00+00:00,17009.204090485146,17219.39545137146,16981.611020352215,17191.506642116005,1848.896485159
2023-02-16 02:00:00+00:00,17191.506642116005,17321.318471463277,16720.72004805488,16847.93761238602,2588.9114040740565
2023-02-16 03:00:00+00:00,16847.93761238602,16908.464497433313,16590.997885336765,16650.816605336884,3363.4620005202873
2023-02-16 04:00:00+00:00,16650.816605336884,17109.747954762362,16525.7072378679,16982.14905216563,6126.667841519833
2023-02-16 05:00:00+00:00,16982.14905216563,17227.593106765326,16955.018633869782,17200.11447029346,2919.3065554887403
2023-02-16 06:00:00+00:00,17200.11447029346,17744.964259110242,17049.39106769506,17590.817156145335,4923.318851770963
2023-02-16 07:00:00+00:00,17590.817156145335,17740.68690379217,17372.623847699433,17521.906492216178,5113.5943345647
2023-02-16 08:00:00+00:00,17521.906492216178,17553.45220879017,17193.23828801846,17224.248112743073,2655.20355996136
2023-02-16 09:00:00+00:00,17224.248112743073,17245.15505250941,17143.979479844314,17164.81427831378,4013.203606398124
2023-02-16 10:00:00+00:00,17164.81427831378,17219.587466355384,17138.953780848424,17193.683474578655,2639.212824493022
2023-02-16 11:00:00+00:00,17193.683474578655,17366.135968905455,17044.396368091162,17216.649456341303,5773.697374208515
2023-02-16 12:00:00+00:00,17216.649456341303,17569.063726177978,17163.06553761028,17514.55263403243,4096.636987411453
2023-02-16 13:00:00+00:00,17514.55263403243,17618.492043617625,17319.1169829544,17422.510170232697,1643.7871931078007
2023-02-16 14:00:00+00:00,17422.510170232697,17602.098293170227,17338.2514643783,17517.38077430641,3231.6959039079175
2023-02-16 15:00:00+00:00,17517.38077430641,17660.31786710836,17121.25998681377,17262.114173139555,6795.773004615368
2023-02-16 16:00:00+00:00,17262.114173139555,17475.580100860527,17168.897294275048,17381.71735468371,2722.714072926874
2023-02-16 17:00:00+00:00,17381.71735468371,17480.85707152178,17286.014530322635,17385.135427431378,3728.858803598659
2023-02-16 18:00:00+00:00,17385.135427431378,17557.28003872429,17023.03077489403,17193.275623512895,3916.4441591850064
2023-02-16 19:00:00+00:00,17193.275623512895,17233.69986877224,17094.84541729582,17135.132959499762,1775.2358217659644
2023-02-16 20:00:00+00:00,17135.132959499762,17280.376094422787,16945.55935833217,17090.423521057233,3848.173790460229
2023-02-16 21:00:00+00:00,17090.423521057233,17115.473770203585,16998.908374274888,17023.861059645827,1484.8698792287885
2023-02-16 22:00:00+00:00,17023.861059645827,17577.5218788116,16933.65436198949,17484.87235654983,2180.234997080304
2023-02-16 23:00:00+00:00,17484.87235654983,17641.834290261086,17304.936899501725,17461.690731453502,5104.416803137058
2023-02-17 00:00:00+00:00,17461.690731453502,17583.694267023562,17278.958508902026,17400.534752189444,3563.0711878418933
2023-02-17 01:00:00+00:00,17400.534752189444,17525.243194114533,16743.27084353449,16864.134944743146,2559.996310154667
2023-02-17 02:00:00+00:00,16864.134944743146,16920.964643319196,16585.85987655856,16641.94081300876,3726.5215254472696
2023-02-17 03:00:00+00:00,16641.94081300876,16721.275825954664,16499.851655453054,16578.886075549308,2892.7239374986175
2023-02-17 04:00:00+00:00,16578.886075549308,16650.162512827697,16341.104379728513,16411.6618818081,2999.765059776974
2023-02-17 05:00:00+00:00,16411.6618818081,16853.2687899389,16318.230473025193,16757.866442438168,4139.826937295868
2023-02-17 06:00:00+00:00,16757.866442438168,16844.337894154418,16632.694546557494,16718.96526620598,2072.096404717737
2023-02-17 07:00:00+00:00,16718.96526620598,17114.990535676738,16653.057681224273,17047.78670856455,3041.6889104404036
2023-02-17 08:00:00+00:00,17047.78670856455,17130.119139108752,16983.869006946235,17066.13265257453,2550.04402496775
2023-02-17 09:00:00+00:00,17066.13265257453,17133.862214037494,17010.536721394543,17078.226883770498,1349.1071910663215
2023-02-17 10:00:00+00:00,17078.226883770498,17151.41434800461,16984.95224236935,17058.053254021717,1881.401246122183
2023-02-17 11:00:00+00:00,17058.053254021717,17101.66941256101,17017.975813327423,17061.58367723164,6529.614749601958
2023-02-17 12:00:00+00:00,17061.58367723164,17664.753188908828,16910.60676883924,17509.809953664462,3613.24542549711
2023-02-17 13:00:00+00:00,17509.809953664462,17622.2067287019,16805.01521180853,16913.58477297656,1537.9503222237743
2023-02-17 14:00:00+00:00,16913.58477297656,16950.86363020633,16379.612728513932,16415.794417056062,1379.9779669917618
2023-02-17 15:00:00+00:00,16415.794417056062,16534.72248113569,16167.050941677757,16285.031664396229,2818.3814632121484
2023-02-17 16:00:00+00:00,16285.031664396229,16431.599546530517,16144.508155282088,16291.024326743694,6506.736257720979
2023-02-17 17:00:00+00:00,16291.024326743694,16514.66503355724,16239.906007710095,16463.007063472363,2715.2001034976215
2023-02-17 18:00:00+00:00,16463.007063472363,16621.79542244969,16424.230008573853,16582.736356533867,5730.165983275171
2023-02-17 19:00:00+00:00,16582.736356533867,16600.60517221889,16472.138051990954,16489.90683873576,3554.4847158242987
2023-02-17 20:00:00+00:00,16489.90683873576,16770.281820515236,16466.404548724444,16746.41394297134,3772.9981473013904
2023-02-17 21:00:00+00:00,16746.41394297134,17143.457340533827,16614.782739562863,17009.756197969906,1528.6491950206175
2023-02-17 22:00:00+00:00,17009.756197969906,17227.967557154087,16841.62025230196,17059.34147701936,4763.611894633722
2023-02-17 23:00:00+00:00,17059.34147701936,17334.361454215905,17035.391476821846,17310.05946529264,2521.310238663563
2023-02-18 00:00:00+00:00,17310.05946529264,17518.025483830403,17176.207030753965,17383.604353249943,4589.591158225776
2023-02-18 01:00:00+00:00,17383.604353249943,17412.230968733715,17212.005269947414,17240.39605580796,1984.0887287696685
2023-02-18 02:00:00+00:00,17240.39605580796,17534.69940392925,17131.2782199813,17424.416864442635,3256.879064880464
2023-02-18 03:00:00+00:00,17424.416864442635,17592.2078121914,17288.424909460817,17455.969598296288,3554.6130050359297
2023-02-18 04:00:00+00:00,17455.969598296288,17532.839959387307,17382.08127935347,17458.93907114231,2759.9927770918557
2023-02-18 05:00:00+00:00,17458.93907114231,17871.26111716058,17439.76195440449,17851.652638934902,3649.234127739847
2023-02-18 06:00:00+00:00,17851.652638934902,17965.130313690657,17100.471099078684,17209.86914602941,2609.206581667825
2023-02-18 07:00:00+00:00,17209.86914602941,17380.61172825339,16683.112821986157,16850.287926419664,2154.8364868326507
2023-02-18 08:00:00+00:00,16850.287926419664,16906.2065640933,16500.44932659007,16555.389326508026,6652.458013179025
2023-02-18 09:00:00+00:00,16555.389326508026,16600.17863264484,16423.34322864713,16467.89582799241,5036.54914538933
2023-02-18 10:00:00+00:00,16467.89582799241,16502.730912050705,16372.87630980201,16407.583813864425,2037.680902090659
2023-02-18 11:00:00+00:00,16407.583813864425,16505.985025772956,15946.963170790406,16043.178937120612,3960.882578590198
2023-02-18 12:00:00+00:00,16043.178937120612,16145.341995154582,15709.537818833021,15810.217376274391,2056.2939181356223
2023-02-18 13:00:00+00:00,15810.217376274391,15938.761361059589,15482.80580741482,15609.71965802598,1648.5603620157412
2023-02-18 14:00:00+00:00,15609.71965802598,16324.265895073167,15488.312574219442,16198.281180174576,4998.557854434635
2023-02-18 15:00:00+00:00,16198.281180174576,16794.871751247756,16051.964156115424,16644.523873411203,1271.4969513460624
2023-02-18 16:00:00+00:00,16644.523873411203,16781.873723511526,16407.99694268581,16544.521578419462,4738.272784317785
2023-02-18 17:00:00+00:00,16544.521578419462,16597.88434032265,16403.925380215132,16457.005868619948,2627.10785114522
2023-02-18 18:00:00+00:00,16457.005868619948,16555.795573917032,16081.060752979321,16178.1766754485,2681.754969239612
2023-02-18 19:00:00+00:00,16178.1766754485,16237.659101100413,15666.235254650735,15724.047981869127,3658.7455063463103
2023-02-18 20:00:00+00:00,15724.047981869127,15786.442080037077,15636.56519290616,15698.859340823135,3986.222844453429
2023-02-18 21:00:00+00:00,15698.859340823135,15846.232372258084,15322.74670233271,15467.952092126829,1972.0490569162648
2023-02-18 22:00:00+00:00,15467.952092126829,15578.347842941508,15340.323198589034,15450.595071249696,4267.838638307467
2023-02-18 23:00:00+00:00,15450.595071249696,15601.567682840127,14938.997332773848,15086.411391376809,3154.8154190872688
2023-02-19 00:00:00+00:00,15086.411391376809,15158.105229156638,14846.308870369714,14917.198572822128,1590.7686460107648
2023-02-19 01:00:00+00:00,14917.198572822128,15040.013100954684,14830.127807229353,14952.734911947993,2738.2183706741057
2023-02-19 02:00:00+00:00,14952.734911947993,15118.315578145646,14872.228807326253,15037.35388170925,5946.9841695404175
2023-02-19 03:00:00+00:00,15037.35388170925,15163.83168568419,15007.796706769337,15134.084378873391,6893.246196419568
2023-02-19 04:00:00+00:00,15134.084378873391,15181.458874872582,14793.041204340672,14839.493537340491,4267.033904079608
2023-02-19 05:00:00+00:00,14839.493537340491,15119.641516834155,14754.185336533847,15033.21963751727,1643.9024813051083
2023-02-19 06:00:00+00:00,15033.21963751727,15057.368531697695,14832.215811396618,14856.080154247398,3809.691338142002
2023-02-19 07:00:00+00:00,14856.080154247398,15140.77593206113,14716.683216351164,15000.028306004733,4561.607908777511
2023-02-19 08:00:00+00:00,15000.028306004733,15031.747262922772,14968.165951135657,14999.88460418281,4284.906419310628
2023-02-19 09:00:00+00:00,14999.88460418281,15041.611683937925,14654.698376541208,14695.578930643307,4413.737628723476
2023-02-19 10:00:00+00:00,14695.578930643307,14811.49605565713,14512.85146719353,14628.237409628777,3574.682141203473
2023-02-19 11:00:00+00:00,14628.237409628777,14738.378091281711,14600.847338804759,14710.833366888995,2874.9593976773785
2023-02-19 12:00:00+00:00,14710.833366888995,14984.105285002153,14576.92796355639,14848.942740694447,2199.1281207558295
2023-02-19 13:00:00+00:00,14848.942740694447,14960.774712885268,14708.18344896597,14819.795907356232,1154.0493849647876
2023-02-19 14:00:00+00:00,14819.795907356232,15191.055679693633,14795.823587572806,15166.522499235074,3532.7111395886236
2023-02-19 15:00:00+00:00,15166.522499235074,15511.067942234602,15056.919750546673,15399.779532774059,3271.5737650311835
2023-02-19 16:00:00+00:00,15399.779532774059,15502.721774971244,15240.346439489871,15342.908518470043,3939.416604530415
2023-02-19 17:00:00+00:00,15342.908518470043,15640.144368150308,15222.986122384178,15518.84681286295,1527.2563256133103
2023-02-19 18:00:00+00:00,15518.84681286295,16113.063791063454,15387.65388561837,15977.989373315442,4115.470089662294
2023-02-19 19:00:00+00:00,15977.989373315442,16580.160146706054,15858.711204959864,16457.30382166693,8327.11675430645
2023-02-19 20:00:00+00:00,16457.30382166693,16560.5830579476,16057.94946698892,16159.358924246688,3100.2097993377247
2023-02-19 21:00:00+00:00,16159.358924246688,16222.415487714732,15876.524662719714,15938.72025662743,2890.449601317753
2023-02-19 22:00:00+00:00,15938.72025662743,16418.75520322245,15822.758687826808,16300.163964117139,3479.0034890592233
2023-02-19 23:00:00+00:00,16300.163964117139,16456.8532717276,15891.616503148913,16045.861263937493,8235.163628962755
